Alan;Değer
Firma;Örnek Endüstriyel Ürünler San. ve Tic. A.Ş. (kurgusal)
Teklif No;TKL-2026-0412
Tarih;09.10.2026
Müşteri;Örnek Tesisat Market Ltd. Şti.
Müşteri Grubu;Bayi
İlgili Kişi;Örnek Kişi (Satın Alma)
Geçerlilik (gün);15
Döviz;TRY
Kur EUR;48,10
Kur USD;41,25
Ödeme;%50 sipariş ile peşin, kalan teslimde 30 gün vadeli
Teslim Şekli;Alıcı deposuna teslim (nakliye satıcıya ait)
Teslim Süresi;Sipariş onayından itibaren 10 iş günü
Hazırlayan;Örnek Satış Temsilcisi
Notlar;Kurlar teklif tarihindeki satış kurudur.
