Fatura No;Tarih;Satıcı;Matrah;KDV Oranı;KDV Tutarı;İndirilebilir;Tevkifat Oranı;Sorumlu Sıfatıyla Beyan Edilen KDV
TED2026000004411;01.09.2026;Tedarikçi K;210000;20;42000.00;Evet;;
TED2026000004412;04.09.2026;Tedarikçi L;64000;10;6400.00;Evet;;
TED2026000004413;07.09.2026;Temizlik Hizmetleri M;40000;20;8000.00;Evet;9/10;7200.00
TED2026000004414;10.09.2026;Akaryakıt N;12500;20;2500.00;Evet;;
TED2026000004415;11.09.2026;Oto Galeri P;1450000;20;290000.00;Hayır;;
TED2026000004416;16.09.2026;Tedarikçi R;88000;20;17800.00;Evet;;
TED2024000001207;14.11.2024;Tedarikçi S;30000;20;6000.00;Evet;;
TED2026000004417;25.09.2026;Tedarikçi T;15500;1;155.00;Evet;;
TED2026000004418;28.09.2026;Tedarikçi U;47000;20;9400.00;Evet;;
