Yanıt No;Yaş Grubu;Cinsiyet;Şehir;S1;S2;S3;S4;S5;S6;S7;S8;S9;S10
Y001;18-24;Kadın;Bursa;Haftada bir veya daha sık;Süpermarket;1;5;1;1;2;Hayır;850;
Y002;18-24;Kadın;Bursa;Ayda bir;Süpermarket, Online;2;5;3;4;3;Evet;240;Ambalajı açmak zor, kapak sorunlu
Y003;25-34;Kadın;İstanbul;Ayda bir;Süpermarket, Online;4;3;3;3;3;Kararsızım;190;Raf bulmak zor, stok bitiyor
Y004;25-34;Erkek;Ankara;Ayda birkaç kez;Süpermarket, Online, Kafe;3;5;4;5;5;Evet;510;Ambalajı açmak zor, kapak sorunlu
Y005;18-24;Erkek;İzmir;Haftada bir veya daha sık;Süpermarket;1;4;4;3;4;Evet;930;Tadı güzel ama biraz acı
Y006;45+;Kadın;İstanbul;Daha seyrek;Süpermarket;2;4;4;4;3;Evet;140;Aroması daha yoğun olabilir
Y007;35-44;Erkek;Antalya;Ayda bir;Süpermarket;1;4;3;2;2;Evet;270;
Y008;45+;Kadın;Antalya;Daha seyrek;Süpermarket;3;4;3;2;3;Evet;100;Reklamlarınızı beğenmiyorum
Y009;25-34;Erkek;İstanbul;Ayda bir;Süpermarket;1;5;2;3;3;Evet;220;Raf bulmak zor, stok bitiyor
Y010;25-34;Kadın;Antalya;Haftada bir veya daha sık;Online;3;3;3;3;3;Evet;980;Reklamlarınızı beğenmiyorum
Y011;25-34;Kadın;İstanbul;Haftada bir veya daha sık;Süpermarket, Bakkal;5;5;4;5;5;Evet;850;Kampanya yapılırsa iyi olur
Y012;25-34;Erkek;Bursa;Ayda bir;Online;4;3;3;5;4;Evet;180;Aroması daha yoğun olabilir
Y013;35-44;Erkek;Bursa;Ayda bir;Süpermarket, Online;2;4;5;3;4;Evet;290;Gayet memnunum
Y014;18-24;Kadın;Antalya;Haftada bir veya daha sık;Online;1;4;3;4;4;Evet;1060;Çok pahalı buluyorum
Y015;25-34;Kadın;Antalya;Haftada bir veya daha sık;Bakkal;7;3;4;4;3;Kararsızım;1010;Her markette bulamıyorum
Y016;18-24;Kadın;Ankara;Haftada bir veya daha sık;Online;2;3;2;5;3;Hayır;880;Gayet memnunum
Y017;25-34;Erkek;İstanbul;Daha seyrek;Süpermarket;2;3;2;1;3;Evet;110;Aromalı çeşit eklenmeli, fiyat da yüksek
Y018;25-34;Erkek;İstanbul;Daha seyrek;Süpermarket, Online;3;4;2;2;3;Hayır;70;Ambalajı açmak zor, kapak sorunlu
Y019;18-24;Kadın;İzmir;Haftada bir veya daha sık;Süpermarket, Bakkal;2;5;5;3;4;Evet;930;Şekersiz seçenek olmalı
Y020;25-34;Erkek;Ankara;Ayda bir;Süpermarket;4;4;4;4;4;Evet;300;Aromalı çeşit eklenmeli, fiyat da yüksek
Y021;25-34;Erkek;Bursa;Daha seyrek;Süpermarket, Online, Kafe;5;4;3;4;4;Evet;70;Reklamlarınızı beğenmiyorum
Y022;25-34;Erkek;Bursa;Ayda birkaç kez;Süpermarket, Bakkal;3;5;3;3;3;Evet;510;Reklamlarınızı beğenmiyorum
Y023;25-34;Erkek;Antalya;Haftada bir veya daha sık;Süpermarket;4;2;1;1;3;Kararsızım;910;Gayet memnunum
Y024;25-34;Kadın;Antalya;Ayda birkaç kez;Süpermarket, Online, Bakkal;3;4;3;3;3;Kararsızım;580;Tadı güzel ama biraz acı
Y025;25-34;Kadın;Bursa;Daha seyrek;Süpermarket;5;4;5;4;5;Evet;120;
Y026;35-44;Kadın;Bursa;Ayda birkaç kez;Süpermarket;3;5;3;3;4;Evet;510;Reklamlarınızı beğenmiyorum
Y027;25-34;Erkek;İstanbul;Ayda birkaç kez;Süpermarket, Bakkal;3;4;4;3;4;Evet;650;Reklamlarınızı beğenmiyorum
Y028;25-34;Kadın;İstanbul;Ayda birkaç kez;Süpermarket, Online;2;2;3;3;2;Evet;450;Müşteri hizmetlerine ulaşamadım, bana 0532 111 22 33 numarasından dönün
Y029;45+;Kadın;Ankara;Daha seyrek;Süpermarket;5;5;1;3;3;Kararsızım;150;Sürdürülebilirlik konusunda bilgi verin
Y030;25-34;Erkek;Bursa;Daha seyrek;Süpermarket, Online;2;5;2;3;3;Kararsızım;140;Müşteri hizmetlerine ulaşamadım, bana 0532 111 22 33 numarasından dönün
Y031;18-24;Erkek;İstanbul;Haftada bir veya daha sık;Süpermarket, Kafe;1;3;3;3;2;belki;940;Raf bulmak zor, stok bitiyor
Y032;25-34;Erkek;Bursa;Daha seyrek;Süpermarket, Online;3;5;3;3;4;Evet;60;Sürdürülebilirlik konusunda bilgi verin
Y033;35-44;Kadın;Bursa;Ayda bir;Süpermarket;2;2;5;4;3;Hayır;220;
Y034;25-34;Erkek;Ankara;Ayda birkaç kez;Süpermarket;1;4;2;1;2;Hayır;430;Tadı güzel ama biraz acı
Y035;25-34;Kadın;İzmir;Ayda bir;Süpermarket;2;3;3;4;3;Evet;290;Gayet memnunum
Y036;25-34;Erkek;Ankara;Daha seyrek;Süpermarket;1;5;3;5;4;Evet;90;
Y037;35-44;Erkek;İstanbul;Ayda bir;Süpermarket, Online;5;5;5;3;5;Evet;300;Aromalı çeşit eklenmeli, fiyat da yüksek
Y038;45+;Erkek;İstanbul;Ayda bir;Süpermarket;2;5;3;3;4;Evet;200;
Y039;35-44;Kadın;İstanbul;Haftada bir veya daha sık;Süpermarket, Online;2;3;2;5;3;Evet;970;Çok pahalı buluyorum
Y040;25-34;Erkek;Bursa;Ayda bir;Süpermarket, Kafe;2;4;4;2;3;Kararsızım;210;Raf bulmak zor, stok bitiyor
Y041;35-44;Erkek;İzmir;Ayda bir;Süpermarket;3;4;4;2;3;Kararsızım;220;Raf bulmak zor, stok bitiyor
Y042;18-24;Erkek;Ankara;Haftada bir veya daha sık;Süpermarket, Online, Bakkal;2;2;3;5;3;Evet;810;Müşteri hizmetlerine ulaşamadım, bana 0532 111 22 33 numarasından dönün
Y043;18-24;Kadın;İstanbul;Ayda birkaç kez;Süpermarket;3;5;5;3;5;Evet;460;Yok
Y044;35-44;Kadın;İstanbul;Ayda bir;Süpermarket;2;5;5;3;3;Evet;250;Kampanya yapılırsa iyi olur
Y045;35-44;Kadın;İstanbul;;Online, Kafe;3;1;3;5;3;Evet;110;Ambalajı açmak zor, kapak sorunlu
Y046;25-34;Erkek;Bursa;;Süpermarket;2;5;5;4;4;Evet;610;Aromalı çeşit eklenmeli, fiyat da yüksek
Y047;45+;Erkek;Bursa;Ayda bir;Süpermarket, Online;2;4;2;5;4;Kararsızım;160;Reklamlarınızı beğenmiyorum
Y048;25-34;Kadın;Antalya;Daha seyrek;Süpermarket;1;4;4;4;4;Hayır;50;Daha fazla çeşit istiyorum
Y049;45+;Kadın;İstanbul;Ayda birkaç kez;Süpermarket;4;2;3;3;2;Hayır;390;Aroması daha yoğun olabilir
Y050;25-34;Erkek;Ankara;Ayda bir;Süpermarket, Online;3;4;1;3;3;Kararsızım;140;Aromalı çeşit eklenmeli, fiyat da yüksek
Y051;25-34;Kadın;İstanbul;Ayda birkaç kez;Süpermarket;2;2;5;2;3;Kararsızım;490;Her markette bulamıyorum
Y052;18-24;Kadın;İstanbul;Ayda birkaç kez;Süpermarket;1;4;4;4;3;Evet;380;Aromalı çeşit eklenmeli, fiyat da yüksek
Y053;35-44;Kadın;Antalya;Ayda bir;Süpermarket;1;2;3;3;2;Hayır;260;Gayet memnunum
Y054;18-24;Erkek;Antalya;Haftada bir veya daha sık;Süpermarket;3;1;2;3;2;Evet;880;Şekersiz seçenek olmalı
Y055;25-34;Kadın;Ankara;Daha seyrek;Süpermarket;5;5;4;3;5;Evet;160;Her markette bulamıyorum
Y056;25-34;Erkek;Antalya;Haftada bir veya daha sık;Bakkal;2;5;4;3;4;Evet;800;Aroması daha yoğun olabilir
Y057;18-24;Erkek;Ankara;Haftada bir veya daha sık;Süpermarket, Online, Bakkal;2;3;5;4;3;Hayır;920;Paket daha küçük boy olsa
Y058;25-34;Kadın;Bursa;Ayda birkaç kez;Süpermarket, Online;3;3;3;3;3;Kararsızım;480;Fiyatı biraz pahalı, indirim olsa daha sık alırım
Y059;25-34;Kadın;İzmir;Haftada bir veya daha sık;Süpermarket, Online;2;5;2;5;4;Evet;980;Aromalı çeşit eklenmeli, fiyat da yüksek
Y060;45+;Kadın;İstanbul;Ayda bir;Kafe;2;1;3;3;2;Kararsızım;290;Fiyatı biraz pahalı, indirim olsa daha sık alırım
Y061;35-44;Erkek;Ankara;Ayda birkaç kez;Süpermarket;1;1;3;2;2;Kararsızım;510;Müşteri hizmetlerine ulaşamadım, bana 0532 111 22 33 numarasından dönün
Y062;35-44;Kadın;Bursa;Ayda birkaç kez;Süpermarket, Bakkal, Kafe;3;3;2;4;3;Evet;450;Fiyatı biraz pahalı, indirim olsa daha sık alırım
Y063;18-24;Kadın;İstanbul;Haftada bir veya daha sık;Süpermarket, Bakkal;1;5;2;2;3;Hayır;990;Daha fazla çeşit istiyorum
Y064;35-44;Kadın;Bursa;Daha seyrek;Süpermarket, Bakkal;1;5;3;4;4;Evet;130;Yok
Y065;18-24;Erkek;İzmir;Ayda birkaç kez;Süpermarket;1;4;3;4;3;Kararsızım;320;Gayet memnunum
Y066;18-24;Kadın;İzmir;Haftada bir veya daha sık;Süpermarket;5;5;4;1;4;Evet;930;Yok
Y067;18-24;Kadın;Ankara;Haftada bir veya daha sık;Süpermarket;2;5;4;4;4;Evet;830;Kampanya yapılırsa iyi olur
Y068;35-44;Kadın;Ankara;Ayda birkaç kez;Süpermarket, Bakkal;1;4;5;4;4;Evet;460;Reklamlarınızı beğenmiyorum
Y069;35-44;Erkek;Bursa;Ayda birkaç kez;Süpermarket;3;4;2;2;3;Evet;690;Paket daha küçük boy olsa
Y070;35-44;Kadın;Ankara;Daha seyrek;Süpermarket, Online, Bakkal, Kafe;2;4;4;4;3;Evet;120;
Y071;18-24;Erkek;İstanbul;Haftada bir veya daha sık;Süpermarket, Online;5;2;2;4;4;Evet;870;Fiyatı biraz pahalı, indirim olsa daha sık alırım
Y072;35-44;Kadın;İzmir;Ayda bir;Bakkal;1;3;5;5;3;Evet;320;Gayet memnunum
Y073;35-44;Kadın;Ankara;Haftada bir veya daha sık;Süpermarket;1;4;2;3;3;Kararsızım;800;
Y074;25-34;Kadın;İstanbul;Daha seyrek;Süpermarket;1;3;3;5;3;Kararsızım;60;Yok
Y075;18-24;Erkek;Antalya;Ayda bir;Online;2;3;3;1;3;Evet;220;
Y076;25-34;Kadın;Bursa;Ayda birkaç kez;Süpermarket, Online;3;4;3;1;3;Kararsızım;500;Yok
Y077;35-44;Erkek;Bursa;Ayda birkaç kez;Süpermarket, Online;1;4;4;3;3;Evet;690;Ambalajı açmak zor, kapak sorunlu
Y078;18-24;Kadın;İstanbul;Ayda birkaç kez;Süpermarket, Online, Bakkal;3;3;2;4;3;Kararsızım;550;Aromalı çeşit eklenmeli, fiyat da yüksek
Y079;18-24;Erkek;İstanbul;Ayda birkaç kez;Süpermarket;2;4;3;2;3;Evet;440;Sürdürülebilirlik konusunda bilgi verin
Y080;45+;Erkek;Ankara;Ayda birkaç kez;Süpermarket, Online;2;2;3;5;2;Hayır;470;Online siparişte kargo geç geliyor
Y081;18-24;Kadın;İstanbul;Ayda birkaç kez;Süpermarket;3;3;3;3;3;Evet;370;Fiyatı biraz pahalı, indirim olsa daha sık alırım
Y082;25-34;Kadın;Antalya;Ayda birkaç kez;Online;4;3;5;4;3;Kararsızım;460;Raf bulmak zor, stok bitiyor
Y083;25-34;Erkek;Antalya;Ayda birkaç kez;Süpermarket, Kafe;2;4;3;1;2;Kararsızım;490;Ambalajı açmak zor, kapak sorunlu
Y084;25-34;Kadın;İzmir;Ayda birkaç kez;Süpermarket, Online, Bakkal;4;5;2;3;4;Evet;510;Müşteri hizmetlerine ulaşamadım, bana 0532 111 22 33 numarasından dönün
Y085;45+;Erkek;Bursa;Daha seyrek;Süpermarket;2;4;2;4;4;Evet;120;Paket daha küçük boy olsa
Y086;35-44;Erkek;İzmir;Daha seyrek;Kafe;4;5;2;2;3;Kararsızım;170;Her markette bulamıyorum
Y087;18-24;Kadın;Antalya;Haftada bir veya daha sık;Süpermarket, Kafe;1;4;4;4;4;Kararsızım;880;
Y088;18-24;Kadın;İstanbul;Daha seyrek;Süpermarket;1;5;4;3;3;Kararsızım;70;Şekersiz seçenek olmalı
Y089;25-34;Erkek;Ankara;Ayda birkaç kez;Online, Bakkal;3;5;3;4;3;Evet;510;Kampanya yapılırsa iyi olur
Y090;45+;Kadın;Ankara;Ayda birkaç kez;Süpermarket;4;3;5;1;4;Evet;430;Aroması daha yoğun olabilir
Y091;45+;Erkek;Antalya;Ayda bir;Süpermarket;2;2;5;1;3;Hayır;170;Sürdürülebilirlik konusunda bilgi verin
Y092;35-44;Kadın;Ankara;Ayda birkaç kez;Süpermarket;1;2;4;5;3;Evet;390;Kampanya yapılırsa iyi olur
Y093;25-34;Erkek;İzmir;Haftada bir veya daha sık;Süpermarket, Online;4;3;3;3;4;Evet;880;Tadı güzel ama biraz acı
Y094;18-24;Erkek;Antalya;Ayda bir;Bakkal, Kafe;2;3;2;2;2;Hayır;270;Fiyatı biraz pahalı, indirim olsa daha sık alırım
Y095;35-44;Erkek;Bursa;Ayda birkaç kez;Süpermarket, Kafe;4;5;3;1;4;Evet;500;Aromalı çeşit eklenmeli, fiyat da yüksek
Y096;45+;Erkek;Ankara;Ayda bir;Süpermarket;4;4;4;5;5;Evet;190;Şekersiz seçenek olmalı
Y097;35-44;Kadın;Ankara;Daha seyrek;Süpermarket;3;4;5;4;4;Evet;70;Her markette bulamıyorum
Y098;45+;Erkek;Antalya;Ayda birkaç kez;Süpermarket;5;4;3;3;3;Kararsızım;540;Sürdürülebilirlik konusunda bilgi verin
Y099;25-34;Erkek;İstanbul;Haftada bir veya daha sık;Süpermarket, Online;1;4;4;4;3;Evet;810;Sürdürülebilirlik konusunda bilgi verin
Y100;25-34;Kadın;İstanbul;Ayda birkaç kez;Süpermarket, Online;3;2;3;5;3;Kararsızım;320;Şekersiz seçenek olmalı
Y101;35-44;Kadın;İstanbul;Daha seyrek;Kafe;3;4;4;2;3;Evet;160;Daha fazla çeşit istiyorum
Y102;18-24;Kadın;Antalya;Haftada bir veya daha sık;Süpermarket;2;4;3;4;3;Evet;910;Şekersiz seçenek olmalı
Y103;25-34;Erkek;İzmir;Ayda bir;Süpermarket;3;5;2;2;3;Kararsızım;360;Şekersiz seçenek olmalı
Y104;18-24;Erkek;Antalya;Ayda birkaç kez;Süpermarket;3;4;4;2;4;Kararsızım;570;Daha fazla çeşit istiyorum
Y105;45+;Erkek;Bursa;Ayda birkaç kez;Süpermarket, Bakkal;2;3;5;3;4;Evet;430;Ambalajı açmak zor, kapak sorunlu
Y106;18-24;Kadın;İzmir;Daha seyrek;Süpermarket, Online, Bakkal;3;2;5;4;3;Evet;100;Yok
Y107;45+;Erkek;İstanbul;Ayda birkaç kez;Süpermarket;2;4;3;4;4;Evet;500;
Y108;25-34;Kadın;Bursa;Haftada bir veya daha sık;Süpermarket, Online, Bakkal;4;5;5;4;5;Evet;980;Tadı güzel ama biraz acı
Y109;25-34;Kadın;Ankara;Ayda birkaç kez;Süpermarket;2;4;4;1;3;Kararsızım;430;Çok pahalı buluyorum
Y110;25-34;Erkek;Bursa;Haftada bir veya daha sık;Süpermarket, Online;1;4;4;3;3;Kararsızım;900;Şekersiz seçenek olmalı
Y111;45+;Erkek;İstanbul;Daha seyrek;Süpermarket;4;4;5;3;4;Evet;80;Fiyatı biraz pahalı, indirim olsa daha sık alırım
Y112;18-24;Erkek;Ankara;Ayda birkaç kez;Süpermarket;4;4;5;1;3;Evet;380;
Y113;35-44;Erkek;Bursa;Ayda birkaç kez;Süpermarket;1;4;3;5;3;Evet;440;
Y114;35-44;Erkek;Antalya;Ayda birkaç kez;Süpermarket, Online, Bakkal, Kafe;2;3;4;4;4;Evet;430;Şekersiz seçenek olmalı
Y115;18-24;Kadın;İstanbul;Ayda birkaç kez;Süpermarket, Online, Bakkal;2;3;4;4;3;Hayır;350;Daha fazla çeşit istiyorum
Y116;25-34;Erkek;Ankara;Ayda birkaç kez;Süpermarket, Online;1;3;2;1;2;Kararsızım;450;Tadı güzel ama biraz acı
Y117;25-34;Kadın;İstanbul;Ayda bir;Süpermarket, Bakkal;2;5;5;3;4;Evet;360;Sürdürülebilirlik konusunda bilgi verin
Y118;45+;Kadın;Bursa;Daha seyrek;Süpermarket;1;2;3;3;2;Hayır;90;Ambalajı açmak zor, kapak sorunlu
Y119;35-44;Erkek;İstanbul;Ayda birkaç kez;Süpermarket, Kafe;3;5;2;3;4;Evet;550;
Y120;45+;Kadın;Ankara;Ayda bir;Süpermarket;5;4;2;4;3;Kararsızım;150;
Y121;35-44;Kadın;Antalya;Daha seyrek;Süpermarket;3;3;3;3;3;Evet;130;Online siparişte kargo geç geliyor
Y122;45+;Kadın;İstanbul;Ayda birkaç kez;Süpermarket;2;4;3;3;3;Kararsızım;460;Online siparişte kargo geç geliyor
Y123;35-44;Kadın;Bursa;Ayda birkaç kez;Süpermarket;1;4;3;3;3;Evet;360;Her markette bulamıyorum
Y124;35-44;Kadın;Antalya;Haftada bir veya daha sık;Süpermarket;3;5;4;4;4;Evet;880;Raf bulmak zor, stok bitiyor
Y125;18-24;Erkek;İstanbul;Ayda birkaç kez;Süpermarket;5;5;3;4;5;Evet;480;Kampanya yapılırsa iyi olur
Y126;25-34;Erkek;Ankara;Daha seyrek;Süpermarket;1;5;3;3;4;Evet;50;Gayet memnunum
Y127;18-24;Kadın;İstanbul;Haftada bir veya daha sık;Süpermarket;1;4;5;2;3;Kararsızım;960;Gayet memnunum
Y128;35-44;Erkek;İstanbul;Ayda birkaç kez;Online;1;3;2;4;2;Kararsızım;530;Tadı güzel ama biraz acı
Y129;25-34;Erkek;İstanbul;Ayda bir;Süpermarket;3;5;4;5;4;Evet;300;Daha fazla çeşit istiyorum
Y130;25-34;Erkek;Ankara;Haftada bir veya daha sık;Süpermarket;2;5;5;4;4;Kararsızım;840;Aromalı çeşit eklenmeli, fiyat da yüksek
Y131;25-34;Erkek;İstanbul;Haftada bir veya daha sık;Süpermarket;3;2;4;3;3;Kararsızım;1020;Çok pahalı buluyorum
Y132;25-34;Erkek;İstanbul;Ayda bir;Süpermarket;2;5;2;3;4;Evet;530;Aromalı çeşit eklenmeli, fiyat da yüksek
Y133;25-34;Kadın;Bursa;Ayda birkaç kez;Süpermarket, Online;3;4;4;4;4;Kararsızım;480;Kampanya yapılırsa iyi olur
Y134;18-24;Kadın;İstanbul;Ayda bir;Süpermarket, Online, Bakkal;2;4;5;2;3;Evet;370;Reklamlarınızı beğenmiyorum
Y135;25-34;Erkek;Bursa;Ayda bir;Süpermarket, Online;2;5;3;3;4;Evet;310;Online siparişte kargo geç geliyor
Y136;35-44;Kadın;İstanbul;Daha seyrek;Süpermarket;5;4;3;3;4;Kararsızım;90;Aromalı çeşit eklenmeli, fiyat da yüksek
Y137;18-24;Erkek;İstanbul;Ayda birkaç kez;Süpermarket;2;4;4;4;3;Kararsızım;470;Fiyatı biraz pahalı, indirim olsa daha sık alırım
Y138;45+;Kadın;Antalya;Ayda bir;Süpermarket;2;5;5;3;4;Evet;270;Çok pahalı buluyorum
Y139;35-44;Kadın;Ankara;Ayda bir;Süpermarket, Kafe;2;4;2;3;3;Evet;290;Aromalı çeşit eklenmeli, fiyat da yüksek
Y140;35-44;Erkek;İstanbul;Ayda birkaç kez;Online, Bakkal;3;3;3;5;3;Hayır;610;Şekersiz seçenek olmalı
Y141;25-34;Kadın;İzmir;Haftada bir veya daha sık;Süpermarket, Online;1;4;2;4;3;Kararsızım;950;Raf bulmak zor, stok bitiyor
Y142;45+;Erkek;İzmir;Daha seyrek;Süpermarket;2;3;4;4;3;Kararsızım;100;Fiyatı biraz pahalı, indirim olsa daha sık alırım
Y143;35-44;Erkek;İzmir;Ayda birkaç kez;Süpermarket;3;4;2;2;3;Kararsızım;530;Tadı güzel ama biraz acı
Y144;25-34;Kadın;Ankara;Haftada bir veya daha sık;Süpermarket;2;2;3;4;3;Kararsızım;920;Daha fazla çeşit istiyorum
Y145;25-34;Erkek;Ankara;Daha seyrek;Süpermarket, Bakkal;2;2;4;2;2;Hayır;180;Tadı güzel ama biraz acı
Y146;35-44;Erkek;Antalya;Daha seyrek;Süpermarket;1;2;3;2;2;Kararsızım;50;Müşteri hizmetlerine ulaşamadım, bana 0532 111 22 33 numarasından dönün
Y147;25-34;Erkek;Antalya;Ayda bir;Süpermarket, Online;3;5;4;4;4;Evet;50;Her markette bulamıyorum
Y148;25-34;Kadın;Bursa;Haftada bir veya daha sık;Süpermarket;1;4;5;3;4;Hayır;800;Her markette bulamıyorum
Y149;35-44;Kadın;Bursa;Ayda bir;Süpermarket;4;2;3;3;3;Kararsızım;220;Aromalı çeşit eklenmeli, fiyat da yüksek
Y150;25-34;Kadın;İzmir;Daha seyrek;Süpermarket;4;5;4;2;4;Evet;50;Online siparişte kargo geç geliyor
Y151;25-34;Erkek;İzmir;Ayda bir;Süpermarket;3;3;3;4;4;Evet;210;
Y152;35-44;Kadın;Ankara;Ayda birkaç kez;Süpermarket, Kafe;3;3;2;3;3;Hayır;480;
Y153;18-24;Erkek;İstanbul;Daha seyrek;Süpermarket;5;4;1;3;3;Evet;250;Çok pahalı buluyorum
Y154;18-24;Erkek;İzmir;Ayda birkaç kez;Süpermarket;2;4;4;5;4;Evet;550;Aromalı çeşit eklenmeli, fiyat da yüksek
Y155;18-24;Kadın;İstanbul;Ayda birkaç kez;Online, Kafe;5;4;3;4;4;Evet;450;Aromalı çeşit eklenmeli, fiyat da yüksek
Y156;35-44;Kadın;Ankara;Ayda birkaç kez;Süpermarket, Bakkal;2;4;1;4;3;Hayır;480;Ambalajı açmak zor, kapak sorunlu
Y157;35-44;Erkek;İstanbul;Ayda birkaç kez;Süpermarket;1;4;4;3;3;Kararsızım;400;Gayet memnunum
Y158;35-44;Erkek;İzmir;Ayda birkaç kez;Süpermarket;1;4;3;3;3;Hayır;500;Şekersiz seçenek olmalı
Y159;25-34;Kadın;Antalya;Ayda birkaç kez;Süpermarket, Online;5;4;3;4;3;Kararsızım;520;Yok
Y160;25-34;Kadın;İstanbul;Ayda birkaç kez;Süpermarket, Online;2;4;3;4;4;Evet;470;Fiyatı biraz pahalı, indirim olsa daha sık alırım
Y161;25-34;Kadın;Ankara;Haftada bir veya daha sık;Süpermarket, Online, Bakkal;1;3;3;3;3;Evet;920;Kampanya yapılırsa iyi olur
Y162;25-34;Erkek;Antalya;Haftada bir veya daha sık;Süpermarket;3;4;2;3;3;Hayır;910;Çok pahalı buluyorum
Y163;25-34;Erkek;İstanbul;Ayda birkaç kez;Süpermarket;2;5;1;2;2;Kararsızım;500;
Y164;35-44;Erkek;İzmir;Ayda birkaç kez;Süpermarket;2;3;3;2;3;Evet;490;Kampanya yapılırsa iyi olur
Y165;25-34;Erkek;Antalya;Ayda bir;Süpermarket, Online, Bakkal;3;5;3;5;4;Evet;220;Reklamlarınızı beğenmiyorum
Y166;25-34;Kadın;İzmir;Ayda birkaç kez;Süpermarket, Bakkal;4;4;2;5;4;Evet;440;Online siparişte kargo geç geliyor
Y167;25-34;Erkek;İstanbul;Haftada bir veya daha sık;Süpermarket;3;4;3;4;3;Hayır;820;Tadı güzel ama biraz acı
Y168;45+;Kadın;Ankara;Ayda birkaç kez;Kafe;2;4;3;4;4;Evet;450;Reklamlarınızı beğenmiyorum
Y169;25-34;Kadın;İstanbul;Haftada bir veya daha sık;Süpermarket, Online;4;4;5;2;4;Evet;810;Gayet memnunum
Y170;35-44;Kadın;Antalya;Ayda birkaç kez;Süpermarket;2;4;3;1;2;Hayır;730;Tadı güzel ama biraz acı
Y171;35-44;Kadın;İzmir;Ayda bir;Süpermarket;1;4;3;1;2;Evet;180;Müşteri hizmetlerine ulaşamadım, bana 0532 111 22 33 numarasından dönün
Y172;25-34;Erkek;İzmir;Haftada bir veya daha sık;Süpermarket;3;4;3;3;3;Kararsızım;920;Tadı güzel ama biraz acı
Y173;25-34;Kadın;İzmir;Ayda bir;Süpermarket;5;1;1;3;2;Evet;320;Şekersiz seçenek olmalı
Y174;25-34;Kadın;İstanbul;Haftada bir veya daha sık;Süpermarket;2;4;3;4;3;Kararsızım;860;Her markette bulamıyorum
Y175;18-24;Kadın;İstanbul;Ayda birkaç kez;Bakkal;4;4;5;5;4;Evet;330;
Y176;18-24;Kadın;İstanbul;Ayda birkaç kez;Online;4;5;3;5;4;Evet;620;Reklamlarınızı beğenmiyorum
Y177;18-24;Erkek;Bursa;Ayda birkaç kez;Süpermarket;3;4;4;2;3;Hayır;540;Müşteri hizmetlerine ulaşamadım, bana 0532 111 22 33 numarasından dönün
Y178;18-24;Erkek;Ankara;Ayda birkaç kez;Süpermarket;3;4;4;4;4;Kararsızım;400;Aroması daha yoğun olabilir
Y179;25-34;Erkek;İstanbul;Ayda birkaç kez;Süpermarket;3;4;4;4;4;Hayır;530;Aromalı çeşit eklenmeli, fiyat da yüksek
Y180;45+;Erkek;Bursa;Daha seyrek;Süpermarket, Bakkal;4;5;3;2;4;Kararsızım;250;Şekersiz seçenek olmalı
Y181;25-34;Erkek;İstanbul;Daha seyrek;Süpermarket, Online;1;5;4;3;3;Evet;80;Daha fazla çeşit istiyorum
Y182;18-24;Erkek;Antalya;Haftada bir veya daha sık;Süpermarket;1;5;4;3;4;Evet;980;
Y183;35-44;Erkek;İstanbul;Ayda birkaç kez;Süpermarket;3;5;2;4;3;Kararsızım;530;
Y184;45+;Kadın;Ankara;Ayda bir;Süpermarket;4;4;5;3;4;Evet;170;Paket daha küçük boy olsa
Y185;25-34;Kadın;İstanbul;Ayda birkaç kez;Süpermarket;2;4;4;3;4;Hayır;410;Fiyatı biraz pahalı, indirim olsa daha sık alırım
Y186;45+;Erkek;İstanbul;Daha seyrek;Süpermarket, Kafe;1;4;5;4;3;Evet;270;Şekersiz seçenek olmalı
Y187;45+;Erkek;Ankara;Daha seyrek;Süpermarket;1;3;3;4;3;Hayır;260;Sürdürülebilirlik konusunda bilgi verin
Y188;25-34;Kadın;Ankara;Ayda birkaç kez;Online;2;1;2;5;2;Kararsızım;580;Reklamlarınızı beğenmiyorum
Y189;18-24;Kadın;Ankara;Haftada bir veya daha sık;Bakkal;3;3;3;3;3;Evet;1050;Raf bulmak zor, stok bitiyor
Y190;25-34;Kadın;Bursa;Ayda birkaç kez;Süpermarket;1;4;4;4;4;Kararsızım;710;Sürdürülebilirlik konusunda bilgi verin
Y191;25-34;Erkek;Bursa;Ayda bir;Süpermarket, Kafe;2;5;3;4;4;Evet;250;Fiyatı biraz pahalı, indirim olsa daha sık alırım
Y192;25-34;Kadın;Ankara;Ayda bir;Süpermarket, Online, Kafe;2;4;5;2;4;Evet;210;Sürdürülebilirlik konusunda bilgi verin
Y193;25-34;Erkek;İzmir;Daha seyrek;Süpermarket, Online;3;4;3;3;4;Evet;200;Müşteri hizmetlerine ulaşamadım, bana 0532 111 22 33 numarasından dönün
Y194;45+;Erkek;İstanbul;Daha seyrek;Süpermarket, Online, Bakkal;2;3;2;3;3;Evet;250;Sürdürülebilirlik konusunda bilgi verin
Y195;25-34;Kadın;İstanbul;Daha seyrek;Süpermarket, Online;1;5;4;5;3;Evet;160;Aromalı çeşit eklenmeli, fiyat da yüksek
Y196;35-44;Kadın;Ankara;Ayda birkaç kez;Süpermarket, Bakkal;2;3;5;4;4;Kararsızım;360;Çok pahalı buluyorum
Y197;18-24;Erkek;Ankara;Ayda birkaç kez;Süpermarket, Online;2;2;2;4;2;Kararsızım;520;
Y198;25-34;Erkek;Ankara;Haftada bir veya daha sık;Süpermarket;2;5;3;2;3;Kararsızım;890;Raf bulmak zor, stok bitiyor
Y199;25-34;Kadın;Ankara;Daha seyrek;Online, Kafe;2;5;3;5;4;Evet;210;Raf bulmak zor, stok bitiyor
Y200;18-24;Kadın;Ankara;Ayda birkaç kez;Süpermarket;4;3;4;4;4;Evet;590;Şekersiz seçenek olmalı
Y201;45+;Kadın;İstanbul;Ayda bir;Süpermarket;1;4;3;4;3;Evet;210;Şekersiz seçenek olmalı
Y202;35-44;Erkek;İzmir;Daha seyrek;Süpermarket;4;4;3;4;4;Evet;80;Aromalı çeşit eklenmeli, fiyat da yüksek
Y203;25-34;Kadın;Bursa;Ayda birkaç kez;Süpermarket, Online;2;3;4;3;3;Evet;570;Çok pahalı buluyorum
Y204;45+;Erkek;Antalya;Ayda bir;Süpermarket;1;3;2;4;3;Evet;190;Raf bulmak zor, stok bitiyor
Y205;18-24;Kadın;Antalya;Ayda bir;Süpermarket;2;3;3;3;3;Kararsızım;430;Kampanya yapılırsa iyi olur
Y206;18-24;Kadın;İstanbul;Daha seyrek;Süpermarket, Online;2;4;3;3;3;Evet;160;
Y207;45+;Erkek;İzmir;Ayda bir;Süpermarket;5;5;2;4;4;Evet;400;Tadı güzel ama biraz acı
Y208;18-24;Kadın;İzmir;Haftada bir veya daha sık;Süpermarket, Online;4;3;3;5;3;Evet;950;Kampanya yapılırsa iyi olur
Y209;35-44;Erkek;Ankara;Ayda birkaç kez;Süpermarket;3;2;4;2;3;Evet;540;Reklamlarınızı beğenmiyorum
Y210;25-34;Erkek;Ankara;Ayda bir;Online;2;5;3;5;4;Kararsızım;310;Fiyatı biraz pahalı, indirim olsa daha sık alırım
Y211;18-24;Erkek;İstanbul;Daha seyrek;Süpermarket, Online;3;5;5;3;4;Kararsızım;50;Çok pahalı buluyorum
Y212;18-24;Kadın;İstanbul;Ayda birkaç kez;Süpermarket;1;4;2;3;3;Hayır;450;Sürdürülebilirlik konusunda bilgi verin
Y213;18-24;Kadın;İstanbul;Ayda bir;Kafe;3;5;4;4;4;Kararsızım;300;Her markette bulamıyorum
Y214;45+;Erkek;İstanbul;Daha seyrek;Süpermarket;2;4;4;2;4;Evet;70;Online siparişte kargo geç geliyor
Y215;35-44;Erkek;Bursa;Daha seyrek;Süpermarket;4;3;4;2;3;Evet;250;Sürdürülebilirlik konusunda bilgi verin
Y216;25-34;Kadın;Antalya;Haftada bir veya daha sık;Süpermarket;3;5;3;5;4;Hayır;910;Reklamlarınızı beğenmiyorum
Y217;25-34;Kadın;Antalya;Haftada bir veya daha sık;Online;3;4;5;2;4;Evet;900;Online siparişte kargo geç geliyor
Y218;35-44;Kadın;İstanbul;Ayda bir;Süpermarket, Bakkal, Kafe;1;5;3;4;4;Kararsızım;290;Her markette bulamıyorum
Y219;25-34;Kadın;Ankara;Ayda birkaç kez;Kafe;1;3;4;2;3;Evet;510;Tadı güzel ama biraz acı
Y220;25-34;Kadın;Bursa;Haftada bir veya daha sık;Süpermarket, Bakkal;2;3;3;5;3;Evet;940;Çok pahalı buluyorum
Y221;18-24;Erkek;Antalya;Ayda bir;Süpermarket, Online;3;5;4;1;4;Evet;180;Aromalı çeşit eklenmeli, fiyat da yüksek
Y222;35-44;Erkek;Ankara;Ayda bir;Süpermarket;3;5;4;3;4;Evet;190;Aromalı çeşit eklenmeli, fiyat da yüksek
Y223;35-44;Erkek;Bursa;Haftada bir veya daha sık;Süpermarket;3;5;3;5;4;Evet;890;Gayet memnunum
Y224;35-44;Kadın;Bursa;Daha seyrek;Süpermarket, Bakkal;3;4;5;3;4;Evet;90;Müşteri hizmetlerine ulaşamadım, bana 0532 111 22 33 numarasından dönün
Y225;18-24;Kadın;Ankara;Ayda birkaç kez;Süpermarket, Online, Bakkal;2;3;4;4;3;Kararsızım;590;Paket daha küçük boy olsa
Y226;25-34;Erkek;Ankara;Haftada bir veya daha sık;Online, Bakkal;3;5;3;5;4;Kararsızım;1080;Şekersiz seçenek olmalı
Y227;18-24;Kadın;İzmir;Haftada bir veya daha sık;Süpermarket;4;4;3;2;3;Hayır;970;
Y228;25-34;Kadın;İstanbul;Haftada bir veya daha sık;Bakkal;1;5;2;4;3;Kararsızım;850;
Y229;45+;Erkek;İzmir;Ayda birkaç kez;Süpermarket;1;4;3;4;3;Evet;410;Daha fazla çeşit istiyorum
Y230;35-44;Kadın;İstanbul;Ayda birkaç kez;Süpermarket, Bakkal, Kafe;4;4;5;3;4;Evet;560;Aroması daha yoğun olabilir
Y231;18-24;Kadın;İzmir;Ayda birkaç kez;Süpermarket, Online;4;4;1;4;3;Evet;640;Kampanya yapılırsa iyi olur
Y232;45+;Erkek;Ankara;Ayda bir;Süpermarket;5;4;1;3;4;Evet;370;
Y233;45+;Erkek;İstanbul;Daha seyrek;Süpermarket;2;3;4;2;3;Evet;100;Her markette bulamıyorum
Y234;25-34;Erkek;İzmir;Ayda birkaç kez;Süpermarket;1;5;3;3;4;Kararsızım;550;Yok
Y235;18-24;Kadın;İzmir;Ayda birkaç kez;Süpermarket, Online;1;4;2;4;3;Evet;580;Daha fazla çeşit istiyorum
Y236;18-24;Kadın;İstanbul;Ayda birkaç kez;Online, Bakkal;2;5;4;4;4;Evet;370;
Y237;18-24;Kadın;Bursa;Haftada bir veya daha sık;Süpermarket, Online, Kafe;3;3;5;1;3;Kararsızım;950;Kampanya yapılırsa iyi olur
Y238;18-24;Erkek;İstanbul;Ayda bir;Süpermarket, Online;2;3;2;3;3;Evet;310;Yok
Y239;25-34;Kadın;İstanbul;Haftada bir veya daha sık;Süpermarket;4;3;3;3;4;Evet;830;Daha fazla çeşit istiyorum
Y240;35-44;Kadın;İstanbul;Ayda birkaç kez;Bakkal, Kafe;2;5;1;3;3;Evet;510;Sürdürülebilirlik konusunda bilgi verin
Y006;45+;Kadın;İstanbul;Daha seyrek;Süpermarket;2;4;4;4;3;Evet;140;Aroması daha yoğun olabilir
