Cari Kodu;Cari;Tarih;Vade Tarihi;Belge No;Açıklama;Borç;Alacak
120.01.001;Deneme Lojistik Ltd. Şti.;05.06.2026;05.07.2026;ORN2026000000051;Satış faturası;120.000,00;0
120.01.001;Deneme Lojistik Ltd. Şti.;20.06.2026;20.07.2026;ORN2026000000063;Satış faturası;80.000,00;0
120.01.001;Deneme Lojistik Ltd. Şti.;15.07.2026;;HVL-7781;Havale;0;100.000,00
120.01.001;Deneme Lojistik Ltd. Şti.;10.09.2026;10.10.2026;ORN2026000000099;Satış faturası;45.000,00;0
120.01.002;Kurgu Tekstil A.Ş.;02.03.2026;01.04.2026;ORN2026000000021;Satış faturası;64.500,00;0
120.01.002;Kurgu Tekstil A.Ş.;15.08.2026;14.09.2026;ORN2026000000088;Satış faturası;18.000,00;0
120.01.003;Hayali Kırtasiye;10.08.2026;09.09.2026;ORN2026000000081;Satış faturası;9.500,00;0
120.01.003;Hayali Kırtasiye;25.08.2026;;HVL-8120;Havale;0;12.000,00
120.01.004;Model Enerji A.Ş.;01.09.2026;31.10.2026;ORN2026000000094;Satış faturası;210.000,00;0
