İşlem No;Tarih;Müşteri No;İşlem Tipi;Tutar;Para Birimi;Karşı Taraf;Karşı Taraf Ülke;Açıklama
IS00002;03.01.2026 13:03;M001;Kart harcaması;3.452,00;TL;Market/AVM;;
IS00003;10.01.2026 13:10;M001;Kart harcaması;2.035,00;TL;Market/AVM;;
IS00001;15.01.2026 09:05;M001;Gelen EFT;62.000,00;TL;ÖRNEK SANAYİ A.Ş.;;Maaş ödemesi
IS00006;16.01.2026 11:00;M001;Giden EFT;21.000,00;TL;Kira - E. Kaya;;Kira
IS00004;18.01.2026 13:18;M001;Kart harcaması;4.034,00;TL;Market/AVM;;
IS00005;25.01.2026 13:25;M001;Kart harcaması;1.195,00;TL;Market/AVM;;
IS00008;03.02.2026 13:03;M001;Kart harcaması;1.393,00;TL;Market/AVM;;
IS00009;10.02.2026 13:10;M001;Kart harcaması;5.189,00;TL;Market/AVM;;
IS00007;15.02.2026 09:05;M001;Gelen EFT;62.000,00;TL;ÖRNEK SANAYİ A.Ş.;;Maaş ödemesi
IS00012;16.02.2026 11:00;M001;Giden EFT;21.000,00;TL;Kira - E. Kaya;;Kira
IS00010;18.02.2026 13:18;M001;Kart harcaması;1.571,00;TL;Market/AVM;;
IS00011;25.02.2026 13:25;M001;Kart harcaması;3.795,00;TL;Market/AVM;;
IS00014;03.03.2026 13:03;M001;Kart harcaması;5.574,00;TL;Market/AVM;;
IS00015;10.03.2026 13:10;M001;Kart harcaması;1.275,00;TL;Market/AVM;;
IS00013;15.03.2026 09:05;M001;Gelen EFT;62.000,00;TL;ÖRNEK SANAYİ A.Ş.;;Maaş ödemesi
IS00018;16.03.2026 11:00;M001;Giden EFT;21.000,00;TL;Kira - E. Kaya;;Kira
IS00016;18.03.2026 13:18;M001;Kart harcaması;4.956,00;TL;Market/AVM;;
IS00017;25.03.2026 13:25;M001;Kart harcaması;2.558,00;TL;Market/AVM;;
IS00020;03.04.2026 13:03;M001;Kart harcaması;1.107,00;TL;Market/AVM;;
IS00021;10.04.2026 13:10;M001;Kart harcaması;1.504,00;TL;Market/AVM;;
IS00019;15.04.2026 09:05;M001;Gelen EFT;62.000,00;TL;ÖRNEK SANAYİ A.Ş.;;Maaş ödemesi
IS00024;16.04.2026 11:00;M001;Giden EFT;21.000,00;TL;Kira - E. Kaya;;Kira
IS00022;18.04.2026 13:18;M001;Kart harcaması;4.352,00;TL;Market/AVM;;
IS00023;25.04.2026 13:25;M001;Kart harcaması;4.225,00;TL;Market/AVM;;
IS00026;03.05.2026 13:03;M001;Kart harcaması;1.372,00;TL;Market/AVM;;
IS00027;10.05.2026 13:10;M001;Kart harcaması;2.771,00;TL;Market/AVM;;
IS00025;15.05.2026 09:05;M001;Gelen EFT;62.000,00;TL;ÖRNEK SANAYİ A.Ş.;;Maaş ödemesi
IS00030;16.05.2026 11:00;M001;Giden EFT;21.000,00;TL;Kira - E. Kaya;;Kira
IS00028;18.05.2026 13:18;M001;Kart harcaması;1.543,00;TL;Market/AVM;;
IS00029;25.05.2026 13:25;M001;Kart harcaması;5.314,00;TL;Market/AVM;;
IS00032;03.06.2026 13:03;M001;Kart harcaması;4.277,00;TL;Market/AVM;;
IS00033;10.06.2026 13:10;M001;Kart harcaması;1.284,00;TL;Market/AVM;;
IS00031;15.06.2026 09:05;M001;Gelen EFT;62.000,00;TL;ÖRNEK SANAYİ A.Ş.;;Maaş ödemesi
IS00036;16.06.2026 11:00;M001;Giden EFT;21.000,00;TL;Kira - E. Kaya;;Kira
IS00034;18.06.2026 13:18;M001;Kart harcaması;5.432,00;TL;Market/AVM;;
IS00035;25.06.2026 13:25;M001;Kart harcaması;1.814,00;TL;Market/AVM;;
IS00038;03.07.2026 13:03;M001;Kart harcaması;2.628,00;TL;Market/AVM;;
IS00039;10.07.2026 13:10;M001;Kart harcaması;5.966,00;TL;Market/AVM;;
IS00037;15.07.2026 09:05;M001;Gelen EFT;62.000,00;TL;ÖRNEK SANAYİ A.Ş.;;Maaş ödemesi
IS00042;16.07.2026 11:00;M001;Giden EFT;21.000,00;TL;Kira - E. Kaya;;Kira
IS00040;18.07.2026 13:18;M001;Kart harcaması;5.939,00;TL;Market/AVM;;
IS00041;25.07.2026 13:25;M001;Kart harcaması;5.575,00;TL;Market/AVM;;
IS00044;03.08.2026 13:03;M001;Kart harcaması;1.306,00;TL;Market/AVM;;
IS00045;10.08.2026 13:10;M001;Kart harcaması;5.527,00;TL;Market/AVM;;
IS00043;15.08.2026 09:05;M001;Gelen EFT;62.000,00;TL;ÖRNEK SANAYİ A.Ş.;;Maaş ödemesi
IS00048;16.08.2026 11:00;M001;Giden EFT;21.000,00;TL;Kira - E. Kaya;;Kira
IS00046;18.08.2026 13:18;M001;Kart harcaması;5.596,00;TL;Market/AVM;;
IS00047;25.08.2026 13:25;M001;Kart harcaması;4.049,00;TL;Market/AVM;;
IS00050;03.09.2026 13:03;M001;Kart harcaması;1.206,00;TL;Market/AVM;;
IS00051;10.09.2026 13:10;M001;Kart harcaması;2.611,00;TL;Market/AVM;;
IS00049;15.09.2026 09:05;M001;Gelen EFT;62.000,00;TL;ÖRNEK SANAYİ A.Ş.;;Maaş ödemesi
IS00054;16.09.2026 11:00;M001;Giden EFT;21.000,00;TL;Kira - E. Kaya;;Kira
IS00052;18.09.2026 13:18;M001;Kart harcaması;1.181,00;TL;Market/AVM;;
IS00053;25.09.2026 13:25;M001;Kart harcaması;5.360,00;TL;Market/AVM;;
IS00055;05.01.2026 10:00;M002;Gelen EFT;45.000,00;TL;Kurgu Lojistik Ltd.;;Maaş
IS00056;05.02.2026 10:00;M002;Gelen EFT;45.000,00;TL;Kurgu Lojistik Ltd.;;Maaş
IS00057;05.03.2026 10:00;M002;Gelen EFT;45.000,00;TL;Kurgu Lojistik Ltd.;;Maaş
IS00058;05.04.2026 10:00;M002;Gelen EFT;45.000,00;TL;Kurgu Lojistik Ltd.;;Maaş
IS00059;05.05.2026 10:00;M002;Gelen EFT;45.000,00;TL;Kurgu Lojistik Ltd.;;Maaş
IS00060;05.06.2026 10:00;M002;Gelen EFT;45.000,00;TL;Kurgu Lojistik Ltd.;;Maaş
IS00061;05.07.2026 10:00;M002;Gelen EFT;45.000,00;TL;Kurgu Lojistik Ltd.;;Maaş
IS00062;05.08.2026 10:00;M002;Gelen EFT;45.000,00;TL;Kurgu Lojistik Ltd.;;Maaş
IS00063;14.09.2026 10:30;M002;Nakit yatırma;95.000,00;TL;;;Şube
IS00064;14.09.2026 15:30;M002;Nakit yatırma;92.500,00;TL;;;Şube
IS00065;15.09.2026 11:30;M002;Nakit yatırma;98.000,00;TL;;;Şube
IS00066;16.09.2026 14:30;M002;Nakit yatırma;96.000,00;TL;;;Şube
IS00067;17.09.2026 10:00;M002;Giden EFT;370.000,00;TL;Y. Demir;;Araç alımı
IS00068;01.03.2026 12:00;M003;Gelen EFT;5.000,00;TL;Aile;;Harçlık
IS00069;20.09.2026 09:00;M003;Gelen FAST;20.000,00;TL;A. Yıldız;;bahis yatırım
IS00070;20.09.2026 12:00;M003;Gelen FAST;25.000,00;TL;B. Kılıç;;borç
IS00071;20.09.2026 15:00;M003;Gelen FAST;30.000,00;TL;C. Arslan;;borç
IS00072;20.09.2026 18:00;M003;Gelen FAST;20.000,00;TL;D. Doğan;;borç
IS00073;20.09.2026 21:00;M003;Gelen FAST;15.000,00;TL;E. Kara;;bahis yatırım
IS00074;21.09.2026 00:00;M003;Gelen FAST;25.000,00;TL;F. Koç;;borç
IS00075;21.09.2026 03:00;M003;Gelen FAST;20.000,00;TL;G. Aydın;;borç
IS00076;21.09.2026 06:00;M003;Gelen FAST;15.000,00;TL;H. Şahin;;borç
IS00077;21.09.2026 09:00;M003;Gelen FAST;20.000,00;TL;İ. Çelik;;bahis yatırım
IS00078;21.09.2026 12:00;M003;Gelen FAST;25.000,00;TL;K. Öztürk;;borç
IS00079;21.09.2026 15:00;M003;Gelen FAST;15.000,00;TL;L. Polat;;borç
IS00080;21.09.2026 18:00;M003;Gelen FAST;15.000,00;TL;M. Er;;borç
IS00081;21.09.2026 22:00;M003;Giden FAST;140.000,00;TL;Z. Tekin;;ödeme
IS00082;22.09.2026 08:00;M003;Giden FAST;125.000,00;TL;Z. Tekin;;ödeme
IS00083;01.01.2026 09:00;M004;Gelen EFT;38.000,00;TL;Kurgu Eğitim A.Ş.;;Maaş
IS00084;08.01.2026 15:00;M004;Kart harcaması;9.000,00;TL;Çeşitli;;
IS00085;01.02.2026 09:00;M004;Gelen EFT;38.000,00;TL;Kurgu Eğitim A.Ş.;;Maaş
IS00086;08.02.2026 15:00;M004;Kart harcaması;9.000,00;TL;Çeşitli;;
IS00087;01.03.2026 09:00;M004;Gelen EFT;38.000,00;TL;Kurgu Eğitim A.Ş.;;Maaş
IS00088;08.03.2026 15:00;M004;Kart harcaması;9.000,00;TL;Çeşitli;;
IS00089;01.04.2026 09:00;M004;Gelen EFT;38.000,00;TL;Kurgu Eğitim A.Ş.;;Maaş
IS00090;08.04.2026 15:00;M004;Kart harcaması;9.000,00;TL;Çeşitli;;
IS00091;01.05.2026 09:00;M004;Gelen EFT;38.000,00;TL;Kurgu Eğitim A.Ş.;;Maaş
IS00092;08.05.2026 15:00;M004;Kart harcaması;9.000,00;TL;Çeşitli;;
IS00093;01.06.2026 09:00;M004;Gelen EFT;38.000,00;TL;Kurgu Eğitim A.Ş.;;Maaş
IS00094;08.06.2026 15:00;M004;Kart harcaması;9.000,00;TL;Çeşitli;;
IS00095;01.07.2026 09:00;M004;Gelen EFT;38.000,00;TL;Kurgu Eğitim A.Ş.;;Maaş
IS00096;08.07.2026 15:00;M004;Kart harcaması;9.000,00;TL;Çeşitli;;
IS00097;01.08.2026 09:00;M004;Gelen EFT;38.000,00;TL;Kurgu Eğitim A.Ş.;;Maaş
IS00098;08.08.2026 15:00;M004;Kart harcaması;9.000,00;TL;Çeşitli;;
IS00099;01.09.2026 09:00;M004;Gelen EFT;38.000,00;TL;Kurgu Eğitim A.Ş.;;Maaş
IS00100;08.09.2026 15:00;M004;Kart harcaması;9.000,00;TL;Çeşitli;;
IS00102;10.09.2026 10:00;M004;Gelen EFT;420.000,00;TL;H. Bulut;;Borç iadesi
IS00101;12.09.2026 11:00;M004;SWIFT giden;9.500,00;USD;TEHRAN TRADING CO;IR;Ticari mal bedeli
IS00103;20.01.2026 10:00;M005;Nakit yatırma;2.000,00;TL;;;
IS00104;02.09.2026 10:00;M005;Gelen EFT;380.000,00;TL;Kurgu Gayrimenkul;;Tapu satış bedeli
IS00105;03.09.2026 14:00;M005;Giden EFT;150.000,00;TL;Kendi hesabı - diğer banka;;
IS00106;01.09.2026 17:00;M006;Nakit yatırma;31.370,00;TL;;;
IS00120;02.09.2026 12:00;M006;Giden EFT;50.000,00;TL;Toptancı Altın A.Ş.;;Mal alımı
IS00107;03.09.2026 17:00;M006;Nakit yatırma;34.110,00;TL;;;
IS00121;04.09.2026 12:00;M006;Giden EFT;50.000,00;TL;Toptancı Altın A.Ş.;;Mal alımı
IS00108;05.09.2026 17:00;M006;Nakit yatırma;36.850,00;TL;;;
IS00122;06.09.2026 12:00;M006;Giden EFT;50.000,00;TL;Toptancı Altın A.Ş.;;Mal alımı
IS00123;07.09.2026 12:00;M006;Giden EFT;50.000,00;TL;Toptancı Altın A.Ş.;;Mal alımı
IS00109;07.09.2026 17:00;M006;Nakit yatırma;30.590,00;TL;;;
IS00124;08.09.2026 12:00;M006;Giden EFT;50.000,00;TL;Toptancı Altın A.Ş.;;Mal alımı
IS00125;09.09.2026 12:00;M006;Gelen EFT;60.000,00;TL;Müşteri;;Fatura
IS00110;09.09.2026 17:00;M006;Nakit yatırma;33.330,00;TL;;;
IS00111;11.09.2026 17:00;M006;Nakit yatırma;36.070,00;TL;;;
IS00112;13.09.2026 17:00;M006;Nakit yatırma;38.810,00;TL;;;
IS00113;15.09.2026 17:00;M006;Nakit yatırma;32.550,00;TL;;;
IS00114;17.09.2026 17:00;M006;Nakit yatırma;35.290,00;TL;;;
IS00115;19.09.2026 17:00;M006;Nakit yatırma;38.030,00;TL;;;
IS00116;21.09.2026 17:00;M006;Nakit yatırma;31.770,00;TL;;;
IS00117;23.09.2026 17:00;M006;Nakit yatırma;34.510,00;TL;;;
IS00118;25.09.2026 17:00;M006;Nakit yatırma;37.250,00;TL;;;
IS00119;27.09.2026 17:00;M006;Nakit yatırma;30.990,00;TL;;;
