Tarih;Tedarikçi;Kategori;Malzeme;Miktar;Birim;Birim Fiyat;Tutar;Döviz;Kur;Departman
01.01.2026;Hızlı Lojistik A.Ş.;Lojistik hizmeti;Yurt içi parsiyel taşıma;2;sefer;14380,27;28760,54;TRY;;İdari İşler
01.01.2026;Hızlı Lojistik A.Ş.;Lojistik hizmeti;Yurt içi parsiyel taşıma;1;sefer;14477,02;14477,02;TRY;;Depo
01.01.2026;Hızlı Lojistik A.Ş.;Lojistik hizmeti;Yurt içi parsiyel taşıma;2;sefer;14637,71;29275,42;TRY;;Bakım
02.01.2026;Kuzey Karton Ltd.;Ambalaj;Oluklu koli 40x30x30;2000;adet;17,4;34800,0;TRY;;İdari İşler
03.01.2026;Kuzey Karton Ltd.;Ambalaj;Oluklu koli 40x30x30;2000;adet;17,58;35160,0;TRY;;Üretim
03.01.2026;Örnek Ambalaj San.;Ambalaj;Oluklu koli 40x30x30;3000;adet;18,63;55890,0;TRY;;Üretim
04.01.2026;Örnek Çelik A.Ş.;Hammadde - Çelik;Sac levha DKP 2 mm;4000;kg;38,01;152040,0;TRY;;İdari İşler
06.01.2026;Hızlı Lojistik A.Ş.;Lojistik hizmeti;Yurt içi parsiyel taşıma;2;sefer;14489,83;28979,66;TRY;;Bakım
06.01.2026;Beta Ofis Ltd.;Ofis malzemeleri;Toner 59A;4;adet;2994,03;11976,12;TRY;;Bakım
14.01.2026;Hızlı Lojistik A.Ş.;Lojistik hizmeti;Yurt içi parsiyel taşıma;1;sefer;14410,3;14410,3;TRY;;İdari İşler
15.01.2026;Anadolu Metal San. Tic. Ltd. Şti.;Hammadde - Çelik;Sac levha DKP 2 mm;8000;kg;40,57;324560,0;TRY;;Bakım
15.01.2026;Beta Polimer A.Ş.;Hammadde - Plastik;PP granül;1000;kg;62,0;62000,0;TRY;;Depo
15.01.2026;Örnek Kırtasiye A.Ş.;Ofis malzemeleri;A4 kağıt;20;koli;648,29;12965,8;TRY;;Bakım
17.01.2026;Beta Polimer A.Ş.;Hammadde - Plastik;PP granül;2000;kg;62,11;124220,0;TRY;;Bakım
19.01.2026;Örnek Ambalaj San.;Ambalaj;Streç film 50 cm;30;rulo;309,36;9280,8;TRY;;Bakım
19.01.2026;Delta Endüstriyel;Yedek parça;Rulman 6205;50;adet;105,24;5262,0;TRY;;Üretim
20.01.2026;Örnek Çelik A.Ş.;Hammadde - Çelik;Sac levha DKP 2 mm;2000;kg;37,69;75380,0;TRY;;İdari İşler
20.01.2026;Anadolu Metal San. Tic. Ltd. Şti.;Hammadde - Çelik;Sac levha DKP 2 mm;4000;kg;40,4;161600,0;TRY;;Üretim
20.01.2026;Örnek Çelik A.Ş.;Hammadde - Çelik;Profil 40x40x2;1000;kg;40,75;40750,0;TRY;;Üretim
21.01.2026;Örnek Kırtasiye A.Ş.;Ofis malzemeleri;A4 kağıt;20;koli;644,67;12893,4;TRY;;Bakım
23.01.2026;Beta Polimer A.Ş.;Hammadde - Plastik;PP granül;1000;kg;62,06;62060,0;TRY;;Depo
23.01.2026;Hızlı Lojistik A.Ş.;Lojistik hizmeti;Yurt içi parsiyel taşıma;1;sefer;14389,22;14389,22;TRY;;Üretim
24.01.2026;Örnek Tesis Hizmetleri A.Ş.;Temizlik hizmeti;Ofis ve tesis temizliği (aylık);1;ay;186175,87;186175,87;TRY;;Bakım
27.01.2026;Örnek Madeni Yağ A.Ş.;Kimyasal;Hidrolik yağ 46;400;lt;144,3;57720,0;TRY;;Depo
03.02.2026;Beta Polimer A.Ş.;Hammadde - Plastik;PP granül;2000;kg;63,27;126540,0;TRY;;Depo
03.02.2026;Kuzey Karton Ltd.;Ambalaj;Oluklu koli 40x30x30;5000;adet;17,84;89200,0;TRY;;İdari İşler
03.02.2026;Örnek Ambalaj San.;Ambalaj;Streç film 50 cm;30;rulo;316,6;9498,0;TRY;;İdari İşler
04.02.2026;Teknik Hırdavat;Yedek parça;Rulman 6205;50;adet;111,38;5569,0;TRY;;İdari İşler
05.02.2026;Örnek Çelik A.Ş.;Hammadde - Çelik;Sac levha DKP 2 mm;2000;kg;38,7;77400,0;TRY;;Bakım
07.02.2026;Örnek Kırtasiye A.Ş.;Ofis malzemeleri;A4 kağıt;10;koli;667,36;6673,6;TRY;;Bakım
09.02.2026;Örnek Çelik A.Ş.;Hammadde - Çelik;Sac levha DKP 2 mm;2000;kg;39,07;78140,0;TRY;;Bakım
09.02.2026;Ege Makine Parça;Yedek parça;Rulman 6205;40;adet;117,22;4688,8;TRY;;Üretim
09.02.2026;Epsilon Teknoloji;BT donanım;Dizüstü bilgisayar;3;adet;43998,15;131994,45;TRY;;Bakım
10.02.2026;Örnek Rulman Ltd.;Yedek parça;Rulman 6205;20;adet;97,86;1957,2;TRY;;Üretim
11.02.2026;Örnek Madeni Yağ A.Ş.;Kimyasal;Hidrolik yağ 46;200;lt;148,45;29690,0;TRY;;İdari İşler
14.02.2026;Örnek Çelik A.Ş.;Hammadde - Çelik;Sac levha DKP 2 mm;6000;kg;39,11;234660,0;TRY;;İdari İşler
14.02.2026;Hızlı Lojistik A.Ş.;Lojistik hizmeti;Yurt içi parsiyel taşıma;2;sefer;14903,94;29807,88;TRY;;Depo
15.02.2026;Örnek Çelik A.Ş.;Hammadde - Çelik;Profil 40x40x2;2000;kg;41,66;83320,0;TRY;;Bakım
15.02.2026;Hızlı Lojistik A.Ş.;Lojistik hizmeti;Yurt içi parsiyel taşıma;2;sefer;14932,37;29864,74;TRY;;İdari İşler
16.02.2026;Örnek Çelik A.Ş.;Hammadde - Çelik;Sac levha DKP 2 mm;8000;kg;38,99;311920,0;TRY;;Üretim
17.02.2026;Örnek Çelik A.Ş.;Hammadde - Çelik;Sac levha DKP 2 mm;2000;kg;38,64;77280,0;TRY;;Depo
17.02.2026;Delta Endüstriyel;Yedek parça;Kayış A-42;5;adet;216,02;1080,1;TRY;;Bakım
19.02.2026;Hızlı Lojistik A.Ş.;Lojistik hizmeti;Yurt içi parsiyel taşıma;2;sefer;14722,87;29445,74;TRY;;Üretim
20.02.2026;Hızlı Lojistik A.Ş.;Lojistik hizmeti;Yurt içi parsiyel taşıma;1;sefer;14827,52;14827,52;TRY;;Üretim
22.02.2026;Beta Polimer A.Ş.;Hammadde - Plastik;PP granül;3000;kg;63,49;190470,0;TRY;;Bakım
23.02.2026;Kuzey Karton Ltd.;Ambalaj;Oluklu koli 40x30x30;3000;adet;18,01;54030,0;TRY;;Depo
23.02.2026;Örnek Tesis Hizmetleri A.Ş.;Temizlik hizmeti;Ofis ve tesis temizliği (aylık);1;ay;191125,51;191125,51;TRY;;Üretim
26.02.2026;Hızlı Lojistik A.Ş.;Lojistik hizmeti;Yurt içi parsiyel taşıma;1;sefer;14727,09;14727,09;TRY;;Depo
26.02.2026;Örnek Madeni Yağ A.Ş.;Kimyasal;Hidrolik yağ 46;400;lt;147,73;59092,0;TRY;;Bakım
28.02.2026;Hızlı Lojistik A.Ş.;Lojistik hizmeti;Yurt içi parsiyel taşıma;1;sefer;14917,53;14917,53;TRY;;İdari İşler
01.03.2026;Örnek Çelik A.Ş.;Hammadde - Çelik;Sac levha DKP 2 mm;4000;kg;39,85;159400,0;TRY;;Depo
01.03.2026;Örnek Ambalaj San.;Ambalaj;Streç film 50 cm;80;rulo;325,39;26031,2;TRY;;İdari İşler
03.03.2026;Beta Polimer A.Ş.;Hammadde - Plastik;PP granül;3000;kg;65,34;196020,0;TRY;;Bakım
03.03.2026;Örnek Ambalaj San.;Ambalaj;Oluklu koli 40x30x30;2000;adet;19,55;39100,0;TRY;;İdari İşler
04.03.2026;Örnek Çelik A.Ş.;Hammadde - Çelik;Profil 40x40x2;3000;kg;43,33;129990,0;TRY;;İdari İşler
07.03.2026;Hızlı Lojistik A.Ş.;Lojistik hizmeti;Yurt içi parsiyel taşıma;1;sefer;15144,15;15144,15;TRY;;Bakım
07.03.2026;Delta Endüstriyel;Kimyasal;Hidrolik yağ 46;400;lt;158,51;63404,0;TRY;;İdari İşler
09.03.2026;Örnek Ambalaj San.;Ambalaj;Oluklu koli 40x30x30;2000;adet;19,26;38520,0;TRY;;Depo
10.03.2026;Anadolu Metal San. Tic. Ltd. Şti.;Hammadde - Çelik;Sac levha DKP 2 mm;6000;kg;42,13;252780,0;TRY;;Üretim
10.03.2026;Örnek Madeni Yağ A.Ş.;Kimyasal;Hidrolik yağ 46;200;lt;151,98;30396,0;TRY;;Bakım
12.03.2026;Hızlı Lojistik A.Ş.;Lojistik hizmeti;Yurt içi parsiyel taşıma;1;sefer;15300,56;15300,56;TRY;;Üretim
14.03.2026;Hızlı Lojistik A.Ş.;Lojistik hizmeti;Yurt içi parsiyel taşıma;1;sefer;15090,38;15090,38;TRY;;Üretim
14.03.2026;Örnek Bilişim A.Ş.;BT donanım;Dizüstü bilgisayar;3;adet;44120,1;132360,3;TRY;;İdari İşler
15.03.2026;Hızlı Lojistik A.Ş.;Lojistik hizmeti;Yurt içi parsiyel taşıma;2;sefer;15349,63;30699,26;TRY;;Depo
16.03.2026;Teknik Hırdavat;Yedek parça;Rulman 6205;20;adet;115,21;2304,2;TRY;;Bakım
16.03.2026;Ege Makine Parça;Yedek parça;Kayış A-42;10;adet;231,75;2317,5;TRY;;Üretim
16.03.2026;Beta Ofis Ltd.;Ofis malzemeleri;Toner 59A;2;adet;3199,7;6399,4;TRY;;Üretim
18.03.2026;Hızlı Lojistik A.Ş.;Lojistik hizmeti;Yurt içi parsiyel taşıma;2;sefer;15380,46;30760,92;TRY;;Depo
18.03.2026;Beta Ofis Ltd.;Ofis malzemeleri;A4 kağıt;5;koli;732,25;3661,25;TRY;;Üretim
20.03.2026;Örnek Ambalaj San.;Ambalaj;Oluklu koli 40x30x30;5000;adet;19,61;98050,0;TRY;;Bakım
23.03.2026;Örnek Çelik A.Ş.;Hammadde - Çelik;Sac levha DKP 2 mm;6000;kg;39,94;239640,0;TRY;;İdari İşler
23.03.2026;Beta Polimer A.Ş.;Hammadde - Plastik;PP granül;2000;kg;65,11;130220,0;TRY;;Üretim
25.03.2026;Hızlı Lojistik A.Ş.;Lojistik hizmeti;Yurt içi parsiyel taşıma;2;sefer;15185,94;30371,88;TRY;;Depo
26.03.2026;Örnek Tesis Hizmetleri A.Ş.;Temizlik hizmeti;Ofis ve tesis temizliği (aylık);1;ay;194516,12;194516,12;TRY;;İdari İşler
27.03.2026;Ege Makine Parça;Yedek parça;Kayış A-42;10;adet;231,38;2313,8;TRY;;Bakım
28.03.2026;Örnek Çelik A.Ş.;Hammadde - Çelik;Sac levha DKP 2 mm;6000;kg;40,19;241140,0;TRY;;Üretim
01.04.2026;Mahalle Kırtasiye;Ofis malzemeleri;A4 kağıt;5;koli;822,7;4113,5;TRY;;Depo
03.04.2026;Hızlı Lojistik A.Ş.;Lojistik hizmeti;Yurt içi parsiyel taşıma;2;sefer;15500,75;31001,5;TRY;;Üretim
04.04.2026;Örnek Ambalaj San.;Ambalaj;Streç film 50 cm;50;rulo;335,05;16752,5;TRY;;Depo
05.04.2026;Gama Kimya Ltd. Şti.;Hammadde - Plastik;PP granül;1000;kg;71,67;71670,0;TRY;;Bakım
05.04.2026;Hızlı Lojistik A.Ş.;Lojistik hizmeti;Yurt içi parsiyel taşıma;2;sefer;15696,74;31393,48;TRY;;Bakım
06.04.2026;Mahalle Kırtasiye;Ofis malzemeleri;A4 kağıt;20;koli;824,42;16488,4;TRY;;Üretim
07.04.2026;Anadolu Metal San. Tic. Ltd. Şti.;Hammadde - Çelik;Sac levha DKP 2 mm;2000;kg;43,79;87580,0;TRY;;Bakım
07.04.2026;Gama Kimya Ltd. Şti.;Hammadde - Plastik;PP granül;3000;kg;71,84;215520,0;TRY;;Bakım
08.04.2026;Gama Kimya Ltd. Şti.;Hammadde - Plastik;PP granül;2000;kg;72,27;144540,0;TRY;;Depo
09.04.2026;Örnek Çelik A.Ş.;Hammadde - Çelik;Sac levha DKP 2 mm;2000;kg;40,67;81340,0;TRY;;Bakım
10.04.2026;Hızlı Lojistik A.Ş.;Lojistik hizmeti;Yurt içi parsiyel taşıma;1;sefer;15522,45;15522,45;TRY;;Üretim
11.04.2026;Delta Endüstriyel;Yedek parça;Kayış A-42;5;adet;226,2;1131,0;TRY;;Üretim
11.04.2026;Örnek Tesis Hizmetleri A.Ş.;Temizlik hizmeti;Ofis ve tesis temizliği (aylık);1;ay;201063,31;201063,31;TRY;;Bakım
13.04.2026;Örnek Ambalaj San.;Ambalaj;Oluklu koli 40x30x30;2000;adet;20,0;40000,0;TRY;;Üretim
13.04.2026;Delta Endüstriyel;Yedek parça;Rulman 6205;40;adet;112,22;4488,8;TRY;;Bakım
14.04.2026;Kuzey Karton Ltd.;Ambalaj;Oluklu koli 40x30x30;2000;adet;18,84;37680,0;TRY;;İdari İşler
14.04.2026;Hızlı Lojistik A.Ş.;Lojistik hizmeti;Yurt içi parsiyel taşıma;2;sefer;15604,6;31209,2;TRY;;Bakım
14.04.2026;ÖRNEK ÇELİK ANONİM ŞİRKETİ;Hammadde - Çelik;Sac levha DKP 2 mm;3000;kg;40,92;122765,53;TRY;;Üretim
16.04.2026;Hızlı Lojistik A.Ş.;Lojistik hizmeti;Yurt içi parsiyel taşıma;1;sefer;15718,89;15718,89;TRY;;Üretim
17.04.2026;Beta Polimer A.Ş.;Hammadde - Plastik;PP granül;2000;kg;66,94;133880,0;TRY;;Bakım
17.04.2026;Epsilon Teknoloji;BT donanım;Dizüstü bilgisayar;3;adet;46617,11;139851,33;TRY;;İdari İşler
18.04.2026;Delta Endüstriyel;Kimyasal;Hidrolik yağ 46;400;lt;162,09;64836,0;TRY;;Depo
19.04.2026;Ege Makine Parça;Yedek parça;Kayış A-42;10;adet;238,43;2384,3;TRY;;Bakım
20.04.2026;Örnek Çelik A.Ş.;Hammadde - Çelik;Profil 40x40x2;3000;kg;44,08;132240,0;TRY;;Bakım
23.04.2026;Anadolu Metal San. Tic. Ltd. Şti.;Hammadde - Çelik;Sac levha DKP 2 mm;4000;kg;43,48;173920,0;TRY;;İdari İşler
24.04.2026;Örnek Çelik A.Ş.;Hammadde - Çelik;Sac levha DKP 2 mm;6000;kg;41,07;246420,0;TRY;;Depo
24.04.2026;Örnek Çelik A.Ş.;Hammadde - Çelik;Sac levha DKP 2 mm;8000;kg;40,92;327360,0;TRY;;Üretim
24.04.2026;Delta Endüstriyel;Kimyasal;Hidrolik yağ 46;200;lt;161,61;32322,0;TRY;;Bakım
28.04.2026;Hızlı Lojistik A.Ş.;Lojistik hizmeti;Yurt içi parsiyel taşıma;1;sefer;15462,9;15462,9;TRY;;Bakım
01.05.2026;Örnek Ambalaj San.;Ambalaj;Oluklu koli 40x30x30;2000;adet;20,52;41040,0;TRY;;Bakım
02.05.2026;Örnek Ambalaj San.;Ambalaj;Oluklu koli 40x30x30;3000;adet;20,35;61050,0;TRY;;Depo
04.05.2026;Hızlı Lojistik A.Ş.;Lojistik hizmeti;Yurt içi parsiyel taşıma;1;sefer;15861,9;15861,9;TRY;;Depo
05.05.2026;Hızlı Lojistik A.Ş.;Lojistik hizmeti;Yurt içi parsiyel taşıma;2;sefer;15876,76;31753,52;TRY;;Bakım
09.05.2026;Örnek Çelik A.Ş.;Hammadde - Çelik;Sac levha DKP 2 mm;4000;kg;41,62;166480,0;TRY;;İdari İşler
11.05.2026;Örnek Çelik A.Ş.;Hammadde - Çelik;Sac levha DKP 2 mm;6000;kg;41,74;250440,0;TRY;;İdari İşler
13.05.2026;Örnek Çelik A.Ş.;Hammadde - Çelik;Profil 40x40x2;1000;kg;45,41;45410,0;TRY;;Bakım
15.05.2026;Hızlı Lojistik A.Ş.;Lojistik hizmeti;Yurt içi parsiyel taşıma;2;sefer;15882,08;31764,16;TRY;;Üretim
16.05.2026;Beta Polimer A.Ş.;Hammadde - Plastik;PP granül;3000;kg;68,25;204750,0;TRY;;Depo
16.05.2026;Örnek Ambalaj San.;Ambalaj;Streç film 50 cm;80;rulo;340,29;27223,2;TRY;;Depo
16.05.2026;Merkez Teknik;Yedek parça;Rulman 6205;20;adet;118,0;2360,0;TRY;;Üretim
17.05.2026;Beta Polimer A.Ş.;Hammadde - Plastik;PP granül;3000;kg;68,43;205290,0;TRY;;İdari İşler
17.05.2026;Yıldız Rulman;Yedek parça;Rulman 6205;50;adet;109,93;5496,5;TRY;;Bakım
18.05.2026;Beta Polimer A.Ş.;Hammadde - Plastik;PP granül;5000;kg;67,98;339900,0;TRY;;Üretim
19.05.2026;Örnek Çelik A.Ş.;Hammadde - Çelik;Sac levha DKP 2 mm;8000;kg;41,63;333040,0;TRY;;Üretim
20.05.2026;Hızlı Lojistik A.Ş.;Lojistik hizmeti;Yurt içi parsiyel taşıma;2;sefer;16059,03;32118,06;TRY;;Depo
20.05.2026;Teknik Hırdavat;Yedek parça;Rulman 6205;50;adet;120,13;6006,5;TRY;;Depo
20.05.2026;Örnek Kırtasiye A.Ş.;Ofis malzemeleri;A4 kağıt;5;koli;714,03;3570,15;TRY;;Üretim
20.05.2026;Global Machinery GmbH;Yedek parça;Servo sürücü;2;adet;1650;3300;EUR;47,85;Bakım
21.05.2026;Örnek Çelik A.Ş.;Hammadde - Çelik;Sac levha DKP 2 mm;4000;kg;41,57;166280,0;TRY;;İdari İşler
21.05.2026;Anadolu Metal San. Tic. Ltd. Şti.;Hammadde - Çelik;Sac levha DKP 2 mm;2000;kg;44,52;89040,0;TRY;;İdari İşler
21.05.2026;Delta Endüstriyel;Yedek parça;Kayış A-42;5;adet;232,66;1163,3;TRY;;Depo
22.05.2026;Örnek Madeni Yağ A.Ş.;Kimyasal;Hidrolik yağ 46;200;lt;159,25;31850,0;TRY;;Üretim
22.05.2026;Örnek Tesis Hizmetleri A.Ş.;Temizlik hizmeti;Ofis ve tesis temizliği (aylık);1;ay;202459,4;202459,4;TRY;;Bakım
25.05.2026;Örnek Ambalaj San.;Ambalaj;Oluklu koli 40x30x30;3000;adet;20,47;61410,0;TRY;;İdari İşler
01.06.2026;Örnek Madeni Yağ A.Ş.;Kimyasal;Hidrolik yağ 46;200;lt;165,36;33072,0;TRY;;Bakım
03.06.2026;Hızlı Lojistik A.Ş.;Lojistik hizmeti;Yurt içi parsiyel taşıma;1;sefer;16426,02;16426,02;TRY;;İdari İşler
03.06.2026;Yıldız Rulman;Yedek parça;Rulman 6205;50;adet;112,42;5621,0;TRY;;Depo
05.06.2026;Örnek Kırtasiye A.Ş.;Ofis malzemeleri;A4 kağıt;20;koli;742,3;14846,0;TRY;;İdari İşler
07.06.2026;Anadolu Metal San. Tic. Ltd. Şti.;Hammadde - Çelik;Sac levha DKP 2 mm;6000;kg;45,56;273360,0;TRY;;Depo
07.06.2026;Gama Kimya Ltd. Şti.;Hammadde - Plastik;PP granül;3000;kg;86,27;258810,0;TRY;;Üretim
08.06.2026;Örnek Ambalaj San.;Ambalaj;Oluklu koli 40x30x30;5000;adet;21,11;105550,0;TRY;;Üretim
08.06.2026;Hızlı Lojistik A.Ş.;Lojistik hizmeti;Yurt içi parsiyel taşıma;1;sefer;16333,71;16333,71;TRY;;Üretim
08.06.2026;Örnek Madeni Yağ A.Ş.;Kimyasal;Hidrolik yağ 46;400;lt;165,09;66036,0;TRY;;Bakım
09.06.2026;Kuzey Karton Ltd.;Ambalaj;Oluklu koli 40x30x30;5000;adet;19,91;99550,0;TRY;;İdari İşler
10.06.2026;Örnek Çelik A.Ş.;Hammadde - Çelik;Sac levha DKP 2 mm;6000;kg;43,41;260460,0;TRY;;Bakım
10.06.2026;Beta Polimer A.Ş.;Hammadde - Plastik;PP granül;3000;kg;80,66;241980,0;TRY;;Bakım
11.06.2026;Örnek Çelik A.Ş.;Hammadde - Çelik;Profil 40x40x2;2000;kg;46,46;92920,0;TRY;;Üretim
11.06.2026;Örnek Ambalaj San.;Ambalaj;Oluklu koli 40x30x30;3000;adet;21,14;63420,0;TRY;;Bakım
12.06.2026;Anadolu Metal San. Tic. Ltd. Şti.;Hammadde - Çelik;Sac levha DKP 2 mm;4000;kg;45,47;181880,0;TRY;;Bakım
12.06.2026;Beta Polimer A.Ş.;Hammadde - Plastik;PP granül;3000;kg;80,93;242790,0;TRY;;Üretim
13.06.2026;Örnek Ambalaj San.;Ambalaj;Streç film 50 cm;80;rulo;347,4;27792,0;TRY;;İdari İşler
13.06.2026;Mahalle Kırtasiye;Ofis malzemeleri;A4 kağıt;10;koli;868,16;8681,6;TRY;;Depo
15.06.2026;Örnek Çelik A.Ş.;Hammadde - Çelik;Sac levha DKP 2 mm;4000;kg;43,27;173080,0;TRY;;İdari İşler
16.06.2026;Örnek Çelik A.Ş.;Hammadde - Çelik;Profil 40x40x2;3000;kg;46,32;138960,0;TRY;;İdari İşler
18.06.2026;Hızlı Lojistik A.Ş.;Lojistik hizmeti;Yurt içi parsiyel taşıma;2;sefer;16362,19;32724,38;TRY;;Bakım
20.06.2026;Beta Ofis Ltd.;Ofis malzemeleri;Toner 59A;6;adet;3427,41;20564,46;TRY;;Üretim
21.06.2026;Hızlı Lojistik A.Ş.;Lojistik hizmeti;Yurt içi parsiyel taşıma;1;sefer;16427,55;16427,55;TRY;;İdari İşler
21.06.2026;Epsilon Teknoloji;BT donanım;Dizüstü bilgisayar;5;adet;49325,16;246625,8;TRY;;Üretim
26.06.2026;Örnek Çelik A.Ş.;Hammadde - Çelik;Sac levha DKP 2 mm;2000;kg;43,2;86400,0;TRY;;Üretim
28.06.2026;Örnek Tesis Hizmetleri A.Ş.;Temizlik hizmeti;Ofis ve tesis temizliği (aylık);1;ay;211343,75;211343,75;TRY;;Üretim
01.07.2026;Hızlı Lojistik A.Ş.;Lojistik hizmeti;Yurt içi parsiyel taşıma;1;sefer;16665,2;16665,2;TRY;;Bakım
02.07.2026;Örnek Çelik A.Ş.;Hammadde - Çelik;Sac levha DKP 2 mm;4000;kg;43,76;175040,0;TRY;;İdari İşler
03.07.2026;Hızlı Lojistik A.Ş.;Lojistik hizmeti;Yurt içi parsiyel taşıma;1;sefer;16931,98;16931,98;TRY;;Depo
05.07.2026;Örnek Ambalaj San.;Ambalaj;Streç film 50 cm;30;rulo;358,78;10763,4;TRY;;İdari İşler
06.07.2026;Örnek Kırtasiye A.Ş.;Ofis malzemeleri;A4 kağıt;10;koli;752,49;7524,9;TRY;;Depo
08.07.2026;Global Machinery GmbH;Yedek parça;Enkoder;4;adet;420;1680;EUR;;Bakım
09.07.2026;Beta Polimer A.Ş.;Hammadde - Plastik;PP granül;2000;kg;82,22;164440,0;TRY;;İdari İşler
10.07.2026;Örnek Çelik A.Ş.;Hammadde - Çelik;Sac levha DKP 2 mm;8000;kg;44,41;355280,0;TRY;;Üretim
11.07.2026;Örnek Çelik A.Ş.;Hammadde - Çelik;Profil 40x40x2;1000;kg;47,94;47940,0;TRY;;Üretim
11.07.2026;Kuzey Karton Ltd.;Ambalaj;Oluklu koli 40x30x30;3000;adet;20,38;61140,0;TRY;;Üretim
14.07.2026;Örnek Çelik A.Ş.;Hammadde - Çelik;Sac levha DKP 2 mm;2000;kg;43,64;87280,0;TRY;;İdari İşler
14.07.2026;Anadolu Metal San. Tic. Ltd. Şti.;Hammadde - Çelik;Sac levha DKP 2 mm;8000;kg;46,55;372400,0;TRY;;Depo
14.07.2026;Hızlı Lojistik A.Ş.;Lojistik hizmeti;Yurt içi parsiyel taşıma;1;sefer;16851,23;16851,23;TRY;;Bakım
15.07.2026;Hızlı Lojistik A.Ş.;Lojistik hizmeti;Yurt içi parsiyel taşıma;2;sefer;16941,35;33882,7;TRY;;Bakım
15.07.2026;Örnek Kırtasiye A.Ş.;Ofis malzemeleri;Toner 59A;4;adet;3334,59;13338,36;TRY;;Üretim
18.07.2026;Kuzey Karton Ltd.;Ambalaj;Oluklu koli 40x30x30;5000;adet;20,56;102800,0;TRY;;İdari İşler
20.07.2026;Beta Polimer A.Ş.;Hammadde - Plastik;PP granül;2000;kg;82,21;164420,0;TRY;;İdari İşler
21.07.2026;Anadolu Metal San. Tic. Ltd. Şti.;Hammadde - Çelik;Sac levha DKP 2 mm;4000;kg;46,47;185880,0;TRY;;İdari İşler
21.07.2026;Hızlı Lojistik A.Ş.;Lojistik hizmeti;Yurt içi parsiyel taşıma;1;sefer;16696,08;16696,08;TRY;;Depo
22.07.2026;Hızlı Lojistik A.Ş.;Lojistik hizmeti;Yurt içi parsiyel taşıma;1;sefer;16907,76;16907,76;TRY;;Bakım
22.07.2026;Örnek Tesis Hizmetleri A.Ş.;Temizlik hizmeti;Ofis ve tesis temizliği (aylık);1;ay;213000,95;213000,95;TRY;;İdari İşler
23.07.2026;Yıldız Rulman;Yedek parça;Rulman 6205;40;adet;115,74;4629,6;TRY;;İdari İşler
26.07.2026;Örnek Madeni Yağ A.Ş.;Kimyasal;Hidrolik yağ 46;200;lt;169,56;33912,0;TRY;;İdari İşler
28.07.2026;Örnek Rulman Ltd.;Yedek parça;Rulman 6205;50;adet;110,72;5536,0;TRY;;Depo
03.08.2026;Örnek Çelik A.Ş.;Hammadde - Çelik;Profil 40x40x2;2000;kg;48,57;97140,0;TRY;;Üretim
03.08.2026;Yerel Usta;;Kapı tamiri;1;iş;4500;4500;TRY;;İdari İşler
04.08.2026;Hızlı Lojistik A.Ş.;Lojistik hizmeti;Yurt içi parsiyel taşıma;2;sefer;17169,34;34338,68;TRY;;İdari İşler
05.08.2026;Örnek Ambalaj San.;Ambalaj;Oluklu koli 40x30x30;5000;adet;22,13;110650,0;TRY;;Bakım
05.08.2026;Örnek Bilişim A.Ş.;BT donanım;Dizüstü bilgisayar;5;adet;50411,08;252055,4;TRY;;Depo
08.08.2026;Örnek Çelik A.Ş.;Hammadde - Çelik;Sac levha DKP 2 mm;8000;kg;45,5;364000,0;TRY;;Depo
09.08.2026;Anadolu Metal San. Tic. Ltd. Şti.;Hammadde - Çelik;Sac levha DKP 2 mm;2000;kg;48,12;96240,0;TRY;;Bakım
09.08.2026;Hızlı Lojistik A.Ş.;Lojistik hizmeti;Yurt içi parsiyel taşıma;1;sefer;17273,38;17273,38;TRY;;Depo
10.08.2026;Örnek Çelik A.Ş.;Hammadde - Çelik;Sac levha DKP 2 mm;6000;kg;45,38;272280,0;TRY;;Depo
14.08.2026;Beta Polimer A.Ş.;Hammadde - Plastik;PP granül;1000;kg;83,96;83960,0;TRY;;İdari İşler
15.08.2026;Örnek Madeni Yağ A.Ş.;Kimyasal;Hidrolik yağ 46;400;lt;173,64;69456,0;TRY;;Üretim
15.08.2026;Örnek Tesis Hizmetleri A.Ş.;Temizlik hizmeti;Ofis ve tesis temizliği (aylık);1;ay;218523,98;218523,98;TRY;;Üretim
16.08.2026;Kuzey Karton Ltd.;Ambalaj;Oluklu koli 40x30x30;3000;adet;21,03;63090,0;TRY;;Depo
18.08.2026;Anadolu Metal San. Tic. Ltd. Şti.;Hammadde - Çelik;Sac levha DKP 2 mm;8000;kg;47,55;380400,0;TRY;;Depo
18.08.2026;Hızlı Lojistik A.Ş.;Lojistik hizmeti;Yurt içi parsiyel taşıma;2;sefer;17118,17;34236,34;TRY;;Bakım
19.08.2026;Beta Polimer A.Ş.;Hammadde - Plastik;PP granül;5000;kg;83,97;419850,0;TRY;;Üretim
19.08.2026;Örnek Madeni Yağ A.Ş.;Kimyasal;Hidrolik yağ 46;200;lt;173,15;34630,0;TRY;;Üretim
20.08.2026;Örnek Kırtasiye A.Ş.;Ofis malzemeleri;A4 kağıt;10;koli;776,44;7764,4;TRY;;Bakım
21.08.2026;Örnek Çelik A.Ş.;Hammadde - Çelik;Profil 40x40x2;3000;kg;48,34;145020,0;TRY;;Bakım
22.08.2026;Örnek Kırtasiye A.Ş.;Ofis malzemeleri;A4 kağıt;10;koli;777,66;7776,6;TRY;;Depo
23.08.2026;Örnek Ambalaj San.;Ambalaj;Streç film 50 cm;80;rulo;370,17;29613,6;TRY;;Depo
23.08.2026;Yıldız Rulman;Yedek parça;Rulman 6205;50;adet;118,6;5930,0;TRY;;Bakım
23.08.2026;Merkez Teknik;Yedek parça;Rulman 6205;50;adet;126,52;6326,0;TRY;;Bakım
23.08.2026;Delta Endüstriyel;Yedek parça;Kayış A-42;10;adet;249,51;2495,1;TRY;;Depo
25.08.2026;Ege Makine Parça;Yedek parça;Kayış A-42;5;adet;262,77;1313,85;TRY;;Üretim
27.08.2026;Hızlı Lojistik A.Ş.;Lojistik hizmeti;Yurt içi parsiyel taşıma;2;sefer;17178,29;34356,58;TRY;;Üretim
28.08.2026;Örnek Çelik A.Ş.;Hammadde - Çelik;Sac levha DKP 2 mm;2000;kg;45,13;90260,0;TRY;;Bakım
01.09.2026;Hızlı Lojistik A.Ş.;Lojistik hizmeti;Yurt içi parsiyel taşıma;2;sefer;17576,36;35152,72;TRY;;Depo
01.09.2026;Ege Makine Parça;Yedek parça;Rulman 6205;40;adet;138,49;5539,6;TRY;;Bakım
02.09.2026;Hızlı Lojistik A.Ş.;Lojistik hizmeti;Yurt içi parsiyel taşıma;1;sefer;17734,78;17734,78;TRY;;Depo
04.09.2026;Örnek Çelik A.Ş.;Hammadde - Çelik;Sac levha DKP 2 mm;8000;kg;45,87;366960,0;TRY;;İdari İşler
04.09.2026;Hızlı Lojistik A.Ş.;Lojistik hizmeti;Yurt içi parsiyel taşıma;1;sefer;17515,52;17515,52;TRY;;İdari İşler
06.09.2026;Anadolu Metal San. Tic. Ltd. Şti.;Hammadde - Çelik;Sac levha DKP 2 mm;2000;kg;49,48;98960,0;TRY;;Bakım
07.09.2026;Hızlı Lojistik A.Ş.;Lojistik hizmeti;Yurt içi parsiyel taşıma;2;sefer;17764,6;35529,2;TRY;;Bakım
07.09.2026;Merkez Teknik;Yedek parça;Rulman 6205;20;adet;130,14;2602,8;TRY;;Depo
08.09.2026;Örnek Çelik A.Ş.;Hammadde - Çelik;Sac levha DKP 2 mm;6000;kg;46,32;277920,0;TRY;;Depo
09.09.2026;Epsilon Teknoloji;BT donanım;Dizüstü bilgisayar;2;adet;52371,37;104742,74;TRY;;Bakım
10.09.2026;Gama Kimya Ltd. Şti.;Hammadde - Plastik;PP granül;1000;kg;93,48;93480,0;TRY;;İdari İşler
10.09.2026;Örnek Kırtasiye A.Ş.;Ofis malzemeleri;Toner 59A;6;adet;3514,67;21088,02;TRY;;Depo
11.09.2026;Örnek Çelik A.Ş.;Hammadde - Çelik;Profil 40x40x2;3000;kg;49,57;148710,0;TRY;;İdari İşler
11.09.2026;Hızlı Lojistik A.Ş.;Lojistik hizmeti;Yurt içi parsiyel taşıma;2;sefer;17807,65;35615,3;TRY;;İdari İşler
13.09.2026;Örnek Çelik A.Ş.;Hammadde - Çelik;Sac levha DKP 2 mm;4000;kg;46,56;186240,0;TRY;;İdari İşler
14.09.2026;Örnek Çelik A.Ş.;Hammadde - Çelik;Profil 40x40x2;3000;kg;50,45;151350,0;TRY;;İdari İşler
14.09.2026;Örnek Madeni Yağ A.Ş.;Kimyasal;Hidrolik yağ 46;400;lt;175,38;70152,0;TRY;;Üretim
17.09.2026;Beta Polimer A.Ş.;Hammadde - Plastik;PP granül;2000;kg;87,47;174940,0;TRY;;İdari İşler
18.09.2026;Örnek Ambalaj San.;Ambalaj;Oluklu koli 40x30x30;2000;adet;22,36;44720,0;TRY;;Depo
18.09.2026;Ege Makine Parça;Yedek parça;Kayış A-42;5;adet;271,32;1356,6;TRY;;Bakım
19.09.2026;Gama Kimya Ltd. Şti.;Hammadde - Plastik;PP granül;3000;kg;94,0;282000,0;TRY;;Üretim
19.09.2026;Örnek Tesis Hizmetleri A.Ş.;Temizlik hizmeti;Ofis ve tesis temizliği (aylık);1;ay;225514,57;225514,57;TRY;;Bakım
20.09.2026;Örnek Çelik A.Ş.;Hammadde - Çelik;Sac levha DKP 2 mm;8000;kg;46,27;370160,0;TRY;;İdari İşler
21.09.2026;Delta Endüstriyel;Yedek parça;Kayış A-42;5;adet;257,81;1289,05;TRY;;Üretim
23.09.2026;Örnek Kırtasiye A.Ş.;Ofis malzemeleri;A4 kağıt;20;koli;788,91;15778,2;TRY;;Bakım
24.09.2026;Örnek Ambalaj San.;Ambalaj;Oluklu koli 40x30x30;2000;adet;22,74;45480,0;TRY;;Depo
24.09.2026;Örnek Ambalaj San.;Ambalaj;Streç film 50 cm;80;rulo;375,17;30013,6;TRY;;İdari İşler
27.09.2026;Hızlı Lojistik A.Ş.;Lojistik hizmeti;Yurt içi parsiyel taşıma;2;sefer;17645,91;35291,82;TRY;;İdari İşler
28.09.2026;Örnek Madeni Yağ A.Ş.;Kimyasal;Hidrolik yağ 46;400;lt;176,01;70404,0;TRY;;İdari İşler
