Departman;Süreç;Veri Konusu Kişi Grubu;Veri Kategorisi;Veri Alanları;Özel Nitelikli;İşleme Amacı;Hukuki Sebep;Toplama Yöntemi;Saklama Ortamı;Saklama Süresi;Süre Dayanağı;Alıcı Grupları;Yurt Dışı Aktarım;Aktarım Ülkesi;Aktarım Dayanağı;Teknik Tedbirler;İdari Tedbirler
İnsan Kaynakları;Bordro ve özlük;Çalışan;Kimlik;Ad soyad, TCKN, doğum tarihi;Hayır;Ücret ödemesi ve özlük dosyası;Hukuki yükümlülük;Islak imzalı form, e-Devlet;Bordro yazılımı, kilitli dolap;İşten ayrılıştan itibaren 10 yıl;4857 sayılı İş Kanunu, 213 sayılı VUK;SGK, vergi dairesi, banka;Hayır;;;Yetki sınırlaması, şifreleme;Gizlilik taahhüdü, eğitim
İnsan Kaynakları;Bordro ve özlük;Çalışan;Finans;IBAN, maaş bilgisi;Hayır;Ücret ödemesi;Sözleşmenin ifası;Çalışan beyanı;Bordro yazılımı;İşten ayrılıştan itibaren 10 yıl;213 sayılı VUK;Banka;Hayır;;;Yetki sınırlaması, şifreleme;Gizlilik taahhüdü
İnsan Kaynakları;İşe giriş sağlık raporu;Çalışan;Sağlık;İşe giriş sağlık raporu, kan grubu;Hayır;İş sağlığı ve güvenliği yükümlülükleri;Meşru menfaat;İşyeri hekimi;Kilitli dolap;İşten ayrılıştan itibaren 15 yıl;6331 sayılı İSG Kanunu;İşyeri hekimi;Hayır;;;Kilitli dolap;Erişim listesi
İnsan Kaynakları;İşe alım;Çalışan adayı;Mesleki deneyim;CV, eğitim bilgisi, referanslar;Hayır;İşe alım süreçlerinin yürütülmesi;Açık rıza;Kariyer sitesi, e-posta;İK klasörü;Gerektiği kadar;;Yöneticiler;Hayır;;;;
İnsan Kaynakları;Adli sicil kaydı;Çalışan;Ceza mahkûmiyeti;Adli sicil kaydı;Evet;Güvenlik görevlisi istihdamı;Kanunlarda açıkça öngörülmesi;e-Devlet çıktısı;Kilitli dolap;İşten ayrılıştan itibaren 10 yıl;5188 sayılı Kanun;—;Hayır;;;Kilitli dolap;Erişim listesi
Muhasebe;Satış faturası;Müşteri;Kimlik;Ad soyad, TCKN / VKN, adres;Hayır;Fatura düzenleme;Hukuki yükümlülük;Sipariş formu;ERP, e-Arşiv;10 yıl;213 sayılı VUK md. 253;GİB, özel entegratör;Hayır;;;Yetki sınırlaması, yedekleme;Gizlilik taahhüdü
Muhasebe;Tedarikçi ödemeleri;Tedarikçi yetkilisi;Finans;IBAN, unvan, yetkili ad soyad;Hayır;Ödeme yapılması;Açık rıza;Tedarikçi kartı;ERP;10 yıl;6102 sayılı TTK md. 82;Banka;Hayır;;;Yetki sınırlaması;
Satış;E-bülten ve kampanya;Potansiyel müşteri;Pazarlama;Ad soyad, e-posta, telefon, TCKN;Hayır;Kampanya duyurusu;Açık rıza;Web formu;CRM (bulut);İzin geri alınana kadar;6563 sayılı Kanun, Ticari İletişim Yönetmeliği;E-posta hizmet sağlayıcısı;Evet;Almanya;Açık rıza;Şifreleme;
Satış;Müşteri memnuniyeti;Müşteri;İletişim;Ad soyad, telefon;Hayır;Memnuniyet araştırması;Meşru menfaat;Çağrı merkezi;CRM (bulut);2 yıl;Şirket politikası;Araştırma şirketi;Evet;ABD;;Şifreleme;Veri işleyen sözleşmesi
Bilgi İşlem;Kullanıcı hesapları ve log;Çalışan;İşlem güvenliği;Kullanıcı adı, IP adresi, log kayıtları;Hayır;Bilgi güvenliğinin sağlanması;Hukuki yükümlülük;Sistem kayıtları;Log sunucusu;2 yıl;5651 sayılı Kanun;—;Hayır;;;Log bütünlüğü, erişim kontrolü;Politika
Bilgi İşlem;Bulut e-posta;Çalışan;İletişim;E-posta yazışmaları;Hayır;Kurumsal iletişim;Meşru menfaat;Sistem;Bulut e-posta;Süresiz;;Bulut hizmet sağlayıcısı;Evet;İrlanda;Standart sözleşme;Şifreleme, çok faktörlü kimlik doğrulama;Veri işleyen sözleşmesi
İdari İşler;Kamera kaydı;Ziyaretçi;Görsel ve işitsel kayıt;Kamera görüntüsü;Hayır;Fiziki mekân güvenliği;Meşru menfaat;Kamera;Kayıt cihazı;30 gün;Şirket politikası;Güvenlik şirketi;Hayır;;;Erişim kontrolü;Aydınlatma levhası
İdari İşler;Personel girişi;Çalışan;Biyometrik;Parmak izi;Hayır;Personel giriş-çıkış takibi;Meşru menfaat;Parmak izi okuyucu;Kart sistemi;İşten ayrılışa kadar;;—;Hayır;;;Şifreleme;
İdari İşler;Ziyaretçi kaydı;Ziyaretçi;Kimlik;Ad soyad, TCKN, araç plakası;Hayır;Bina giriş güvenliği;Meşru menfaat;Ziyaretçi defteri;Kâğıt defter;1 yıl;Şirket politikası;—;Hayır;;;;Aydınlatma metni
İdari İşler;Kamera kaydı;Ziyaretçi;Görsel ve işitsel kayıt;Kamera görüntüsü;Hayır;Fiziki mekân güvenliği;Meşru menfaat;Kamera;Kayıt cihazı;30 gün;Şirket politikası;Güvenlik şirketi;Hayır;;;Erişim kontrolü;Aydınlatma levhası
