Poliçe No;Başlangıç;Bitiş;Sigorta Bedeli;Brüt Prim;Hareket
YNG-0001;27.07.2026;27.07.2027;4.000.000;8.800;Yeni
YNG-0002;23.09.2026;23.09.2027;40.000.000;72.000;Yeni
YNG-0003;20.09.2026;20.09.2027;15.000.000;33.000;Yeni
YNG-0004;12.09.2026;12.09.2027;12.000.000;21.600;Yeni
YNG-0005;01.09.2026;01.09.2027;12.000.000;21.600;Yeni
YNG-0006;10.07.2026;10.07.2027;30.000.000;45.000;Yeni
YNG-0007;06.07.2026;06.07.2027;20.000.000;36.000;Yeni
YNG-0008;28.08.2026;28.08.2027;4.000.000;6.000;Yeni
YNG-0009;08.09.2026;08.09.2027;30.000.000;45.000;Yeni
YNG-0010;07.07.2026;07.07.2027;4.000.000;4.800;Yeni
YNG-0011;16.07.2026;16.07.2027;30.000.000;54.000;Yeni
YNG-0012;28.07.2026;28.07.2027;4.000.000;4.800;Yeni
YNG-0013;23.09.2026;23.09.2027;20.000.000;24.000;Yeni
YNG-0014;02.07.2026;02.07.2027;2.000.000;2.400;Yeni
YNG-0015;01.08.2026;01.08.2027;6.000.000;7.200;Yeni
YNG-0016;09.09.2026;09.09.2027;20.000.000;24.000;Yeni
YNG-0017;31.08.2026;31.08.2027;15.000.000;27.000;Yeni
YNG-0018;12.09.2026;12.09.2027;12.000.000;18.000;Yeni
YNG-0019;16.09.2026;16.09.2027;15.000.000;27.000;Yeni
YNG-0020;26.08.2026;26.08.2027;15.000.000;33.000;Yeni
YNG-0021;02.09.2026;02.09.2027;30.000.000;36.000;Yeni
YNG-0022;02.09.2026;02.09.2027;15.000.000;33.000;Yeni
YNG-0023;24.08.2026;24.08.2027;30.000.000;45.000;Yeni
YNG-0024;25.09.2026;25.09.2027;12.000.000;18.000;Yeni
YNG-0025;03.08.2026;03.08.2027;60.000.000;96.000;Yeni
YNG-0003;28.09.2026;20.09.2027;0;-6.000;İptal
YNG-0026;20.06.2026;20.06.2027;18.000.000;30.000;Yeni
