Tarih;Mağaza;Ürün Kodu;Adet
10.09.2026;İST-Kadıköy;TS-1001-M;2
10.09.2026;İST-Kadıköy;TS-1001-L;3
10.09.2026;İST-Kadıköy;ELB-2002-S;2
10.09.2026;İST-Kadıköy;PNT-3003-38;1
10.09.2026;İST-Nişantaşı;TS-1001-M;4
10.09.2026;İST-Nişantaşı;ELB-2002-S;1
10.09.2026;İST-Nişantaşı;AKS-4004;1
10.09.2026;ANK-Kızılay;TS-1001-M;4
10.09.2026;ANK-Kızılay;TS-1001-L;3
10.09.2026;İZM-Alsancak;TS-1001-M;1
10.09.2026;İZM-Alsancak;TS-1001-L;3
10.09.2026;İZM-Alsancak;PNT-3003-38;1
10.09.2026;İZM-Alsancak;AKS-4004;1
10.09.2026;KON-Merkez;TS-1001-M;4
10.09.2026;KON-Merkez;TS-1001-L;1
10.09.2026;KON-Merkez;PNT-3003-38;1
11.09.2026;İST-Kadıköy;TS-1001-M;1
11.09.2026;İST-Kadıköy;TS-1001-L;1
11.09.2026;İST-Kadıköy;ELB-2002-S;1
11.09.2026;İST-Kadıköy;PNT-3003-38;3
11.09.2026;İST-Kadıköy;AKS-4004;1
11.09.2026;İST-Nişantaşı;TS-1001-M;4
11.09.2026;İST-Nişantaşı;TS-1001-L;1
11.09.2026;İST-Nişantaşı;PNT-3003-38;1
11.09.2026;İST-Nişantaşı;AKS-4004;1
11.09.2026;ANK-Kızılay;TS-1001-M;2
11.09.2026;ANK-Kızılay;TS-1001-L;1
11.09.2026;İZM-Alsancak;TS-1001-M;3
11.09.2026;İZM-Alsancak;TS-1001-L;2
11.09.2026;İZM-Alsancak;ELB-2002-S;1
11.09.2026;İZM-Alsancak;AKS-4004;1
11.09.2026;KON-Merkez;TS-1001-L;2
11.09.2026;KON-Merkez;ELB-2002-S;1
12.09.2026;İST-Kadıköy;TS-1001-M;2
12.09.2026;İST-Kadıköy;TS-1001-L;1
12.09.2026;İST-Kadıköy;ELB-2002-S;1
12.09.2026;İST-Kadıköy;PNT-3003-38;1
12.09.2026;İST-Nişantaşı;TS-1001-M;4
12.09.2026;İST-Nişantaşı;TS-1001-L;3
12.09.2026;İST-Nişantaşı;ELB-2002-S;1
12.09.2026;İST-Nişantaşı;PNT-3003-38;1
12.09.2026;İST-Nişantaşı;AKS-4004;1
12.09.2026;ANK-Kızılay;TS-1001-M;1
12.09.2026;ANK-Kızılay;TS-1001-L;3
12.09.2026;İZM-Alsancak;TS-1001-M;3
12.09.2026;İZM-Alsancak;TS-1001-L;2
12.09.2026;İZM-Alsancak;ELB-2002-S;1
12.09.2026;İZM-Alsancak;PNT-3003-38;1
12.09.2026;KON-Merkez;TS-1001-M;1
12.09.2026;KON-Merkez;TS-1001-L;1
13.09.2026;İST-Kadıköy;TS-1001-M;4
13.09.2026;İST-Kadıköy;TS-1001-L;2
13.09.2026;İST-Kadıköy;ELB-2002-S;1
13.09.2026;İST-Kadıköy;PNT-3003-38;1
13.09.2026;İST-Kadıköy;AKS-4004;1
13.09.2026;İST-Nişantaşı;TS-1001-M;3
13.09.2026;İST-Nişantaşı;TS-1001-L;4
13.09.2026;İST-Nişantaşı;ELB-2002-S;1
13.09.2026;İST-Nişantaşı;PNT-3003-38;1
13.09.2026;ANK-Kızılay;TS-1001-M;1
13.09.2026;ANK-Kızılay;TS-1001-L;1
13.09.2026;İZM-Alsancak;TS-1001-M;2
13.09.2026;İZM-Alsancak;PNT-3003-38;1
13.09.2026;KON-Merkez;TS-1001-L;1
14.09.2026;İST-Kadıköy;TS-1001-M;2
14.09.2026;İST-Kadıköy;TS-1001-L;4
14.09.2026;İST-Kadıköy;ELB-2002-S;1
14.09.2026;İST-Kadıköy;AKS-4004;1
14.09.2026;İST-Nişantaşı;TS-1001-M;5
14.09.2026;İST-Nişantaşı;TS-1001-L;2
14.09.2026;ANK-Kızılay;TS-1001-M;3
14.09.2026;ANK-Kızılay;TS-1001-L;1
14.09.2026;ANK-Kızılay;PNT-3003-38;1
14.09.2026;İZM-Alsancak;TS-1001-M;2
14.09.2026;İZM-Alsancak;TS-1001-L;2
14.09.2026;İZM-Alsancak;PNT-3003-38;1
14.09.2026;KON-Merkez;TS-1001-M;1
14.09.2026;KON-Merkez;TS-1001-L;1
15.09.2026;İST-Kadıköy;TS-1001-M;3
15.09.2026;İST-Kadıköy;TS-1001-L;2
15.09.2026;İST-Kadıköy;ELB-2002-S;1
15.09.2026;İST-Nişantaşı;TS-1001-M;3
15.09.2026;İST-Nişantaşı;TS-1001-L;5
15.09.2026;İST-Nişantaşı;PNT-3003-38;1
15.09.2026;ANK-Kızılay;TS-1001-M;1
15.09.2026;ANK-Kızılay;TS-1001-L;3
15.09.2026;ANK-Kızılay;ELB-2002-S;1
15.09.2026;İZM-Alsancak;TS-1001-M;2
15.09.2026;İZM-Alsancak;TS-1001-L;3
15.09.2026;İZM-Alsancak;ELB-2002-S;1
15.09.2026;KON-Merkez;TS-1001-L;1
16.09.2026;İST-Kadıköy;TS-1001-M;4
16.09.2026;İST-Kadıköy;ELB-2002-S;1
16.09.2026;İST-Nişantaşı;TS-1001-M;4
16.09.2026;İST-Nişantaşı;TS-1001-L;3
16.09.2026;İST-Nişantaşı;ELB-2002-S;3
16.09.2026;İST-Nişantaşı;PNT-3003-38;2
16.09.2026;ANK-Kızılay;TS-1001-M;3
16.09.2026;ANK-Kızılay;TS-1001-L;2
16.09.2026;ANK-Kızılay;PNT-3003-38;1
16.09.2026;İZM-Alsancak;TS-1001-L;3
16.09.2026;KON-Merkez;AKS-4004;1
17.09.2026;İST-Kadıköy;TS-1001-M;3
17.09.2026;İST-Kadıköy;TS-1001-L;2
17.09.2026;İST-Kadıköy;PNT-3003-38;3
17.09.2026;İST-Kadıköy;AKS-4004;1
17.09.2026;İST-Nişantaşı;TS-1001-M;3
17.09.2026;İST-Nişantaşı;TS-1001-L;4
17.09.2026;İST-Nişantaşı;ELB-2002-S;1
17.09.2026;İST-Nişantaşı;PNT-3003-38;2
17.09.2026;İST-Nişantaşı;AKS-4004;2
17.09.2026;ANK-Kızılay;TS-1001-M;4
17.09.2026;ANK-Kızılay;TS-1001-L;3
17.09.2026;ANK-Kızılay;PNT-3003-38;1
17.09.2026;İZM-Alsancak;TS-1001-M;1
17.09.2026;İZM-Alsancak;TS-1001-L;2
17.09.2026;İZM-Alsancak;ELB-2002-S;2
17.09.2026;İZM-Alsancak;PNT-3003-38;3
18.09.2026;İST-Kadıköy;TS-1001-M;1
18.09.2026;İST-Kadıköy;TS-1001-L;2
18.09.2026;İST-Kadıköy;ELB-2002-S;1
18.09.2026;İST-Kadıköy;PNT-3003-38;3
18.09.2026;İST-Kadıköy;AKS-4004;1
18.09.2026;İST-Nişantaşı;TS-1001-M;4
18.09.2026;İST-Nişantaşı;TS-1001-L;4
18.09.2026;İST-Nişantaşı;PNT-3003-38;2
18.09.2026;İST-Nişantaşı;AKS-4004;2
18.09.2026;ANK-Kızılay;TS-1001-M;3
18.09.2026;ANK-Kızılay;TS-1001-L;1
18.09.2026;ANK-Kızılay;ELB-2002-S;1
18.09.2026;ANK-Kızılay;PNT-3003-38;2
18.09.2026;İZM-Alsancak;TS-1001-M;1
18.09.2026;İZM-Alsancak;TS-1001-L;1
18.09.2026;İZM-Alsancak;ELB-2002-S;2
18.09.2026;KON-Merkez;TS-1001-L;1
18.09.2026;KON-Merkez;PNT-3003-38;1
19.09.2026;İST-Kadıköy;TS-1001-M;4
19.09.2026;İST-Kadıköy;TS-1001-L;1
19.09.2026;İST-Kadıköy;PNT-3003-38;1
19.09.2026;İST-Nişantaşı;TS-1001-M;1
19.09.2026;İST-Nişantaşı;TS-1001-L;2
19.09.2026;İST-Nişantaşı;ELB-2002-S;1
19.09.2026;İST-Nişantaşı;PNT-3003-38;3
19.09.2026;ANK-Kızılay;TS-1001-M;4
19.09.2026;ANK-Kızılay;TS-1001-L;3
19.09.2026;ANK-Kızılay;PNT-3003-38;1
19.09.2026;İZM-Alsancak;TS-1001-M;2
19.09.2026;İZM-Alsancak;TS-1001-L;2
19.09.2026;İZM-Alsancak;PNT-3003-38;1
19.09.2026;KON-Merkez;TS-1001-M;1
19.09.2026;KON-Merkez;TS-1001-L;2
20.09.2026;İST-Kadıköy;TS-1001-M;4
20.09.2026;İST-Kadıköy;TS-1001-L;5
20.09.2026;İST-Kadıköy;ELB-2002-S;1
20.09.2026;İST-Kadıköy;PNT-3003-38;1
20.09.2026;İST-Nişantaşı;TS-1001-M;5
20.09.2026;İST-Nişantaşı;TS-1001-L;3
20.09.2026;İST-Nişantaşı;PNT-3003-38;1
20.09.2026;ANK-Kızılay;TS-1001-M;2
20.09.2026;ANK-Kızılay;TS-1001-L;3
20.09.2026;ANK-Kızılay;ELB-2002-S;2
20.09.2026;ANK-Kızılay;PNT-3003-38;1
20.09.2026;İZM-Alsancak;TS-1001-M;2
20.09.2026;İZM-Alsancak;TS-1001-L;4
20.09.2026;KON-Merkez;TS-1001-M;2
20.09.2026;KON-Merkez;TS-1001-L;2
20.09.2026;KON-Merkez;PNT-3003-38;1
21.09.2026;İST-Kadıköy;TS-1001-M;4
21.09.2026;İST-Kadıköy;TS-1001-L;1
21.09.2026;İST-Kadıköy;ELB-2002-S;1
21.09.2026;İST-Kadıköy;PNT-3003-38;4
21.09.2026;İST-Nişantaşı;TS-1001-M;3
21.09.2026;İST-Nişantaşı;TS-1001-L;1
21.09.2026;ANK-Kızılay;TS-1001-M;3
21.09.2026;ANK-Kızılay;TS-1001-L;1
21.09.2026;ANK-Kızılay;ELB-2002-S;1
21.09.2026;İZM-Alsancak;TS-1001-M;1
21.09.2026;İZM-Alsancak;ELB-2002-S;2
21.09.2026;İZM-Alsancak;PNT-3003-38;1
21.09.2026;İZM-Alsancak;AKS-4004;1
21.09.2026;KON-Merkez;TS-1001-M;2
22.09.2026;İST-Kadıköy;TS-1001-M;1
22.09.2026;İST-Kadıköy;TS-1001-L;2
22.09.2026;İST-Kadıköy;ELB-2002-S;2
22.09.2026;İST-Nişantaşı;TS-1001-M;3
22.09.2026;İST-Nişantaşı;TS-1001-L;4
22.09.2026;İST-Nişantaşı;AKS-4004;2
22.09.2026;ANK-Kızılay;TS-1001-L;2
22.09.2026;ANK-Kızılay;ELB-2002-S;1
22.09.2026;ANK-Kızılay;PNT-3003-38;2
22.09.2026;İZM-Alsancak;TS-1001-M;2
22.09.2026;İZM-Alsancak;TS-1001-L;1
22.09.2026;İZM-Alsancak;PNT-3003-38;2
22.09.2026;KON-Merkez;TS-1001-M;1
22.09.2026;KON-Merkez;TS-1001-L;1
23.09.2026;İST-Kadıköy;TS-1001-M;3
23.09.2026;İST-Kadıköy;TS-1001-L;4
23.09.2026;İST-Kadıköy;ELB-2002-S;2
23.09.2026;İST-Kadıköy;PNT-3003-38;4
23.09.2026;İST-Kadıköy;AKS-4004;1
23.09.2026;İST-Nişantaşı;TS-1001-M;6
23.09.2026;İST-Nişantaşı;TS-1001-L;3
23.09.2026;İST-Nişantaşı;AKS-4004;1
23.09.2026;ANK-Kızılay;TS-1001-M;2
23.09.2026;ANK-Kızılay;TS-1001-L;1
23.09.2026;ANK-Kızılay;ELB-2002-S;1
23.09.2026;ANK-Kızılay;AKS-4004;1
23.09.2026;İZM-Alsancak;TS-1001-M;2
23.09.2026;İZM-Alsancak;TS-1001-L;1
23.09.2026;İZM-Alsancak;PNT-3003-38;1
23.09.2026;KON-Merkez;AKS-4004;2
24.09.2026;İST-Kadıköy;TS-1001-M;1
24.09.2026;İST-Kadıköy;TS-1001-L;2
24.09.2026;İST-Kadıköy;PNT-3003-38;1
24.09.2026;İST-Kadıköy;AKS-4004;2
24.09.2026;İST-Nişantaşı;TS-1001-M;3
24.09.2026;İST-Nişantaşı;TS-1001-L;5
24.09.2026;İST-Nişantaşı;ELB-2002-S;1
24.09.2026;İST-Nişantaşı;PNT-3003-38;1
24.09.2026;ANK-Kızılay;TS-1001-M;3
24.09.2026;ANK-Kızılay;TS-1001-L;4
24.09.2026;ANK-Kızılay;ELB-2002-S;2
24.09.2026;ANK-Kızılay;PNT-3003-38;1
24.09.2026;İZM-Alsancak;TS-1001-M;1
24.09.2026;İZM-Alsancak;TS-1001-L;1
24.09.2026;İZM-Alsancak;ELB-2002-S;1
24.09.2026;İZM-Alsancak;PNT-3003-38;1
24.09.2026;KON-Merkez;TS-1001-M;2
24.09.2026;KON-Merkez;TS-1001-L;1
25.09.2026;İST-Kadıköy;TS-1001-M;1
25.09.2026;İST-Kadıköy;TS-1001-L;2
25.09.2026;İST-Kadıköy;ELB-2002-S;1
25.09.2026;İST-Kadıköy;PNT-3003-38;3
25.09.2026;İST-Nişantaşı;TS-1001-M;4
25.09.2026;İST-Nişantaşı;TS-1001-L;3
25.09.2026;İST-Nişantaşı;ELB-2002-S;1
25.09.2026;İST-Nişantaşı;AKS-4004;1
25.09.2026;ANK-Kızılay;TS-1001-M;3
25.09.2026;ANK-Kızılay;TS-1001-L;2
25.09.2026;ANK-Kızılay;ELB-2002-S;1
25.09.2026;ANK-Kızılay;PNT-3003-38;1
25.09.2026;ANK-Kızılay;AKS-4004;1
25.09.2026;İZM-Alsancak;TS-1001-M;3
25.09.2026;İZM-Alsancak;TS-1001-L;3
25.09.2026;İZM-Alsancak;PNT-3003-38;1
25.09.2026;KON-Merkez;TS-1001-M;2
25.09.2026;KON-Merkez;TS-1001-L;1
26.09.2026;İST-Kadıköy;TS-1001-M;2
26.09.2026;İST-Kadıköy;TS-1001-L;3
26.09.2026;İST-Kadıköy;ELB-2002-S;1
26.09.2026;İST-Kadıköy;AKS-4004;1
26.09.2026;İST-Nişantaşı;TS-1001-M;3
26.09.2026;İST-Nişantaşı;TS-1001-L;2
26.09.2026;İST-Nişantaşı;ELB-2002-S;1
26.09.2026;İST-Nişantaşı;PNT-3003-38;2
26.09.2026;ANK-Kızılay;TS-1001-M;2
26.09.2026;ANK-Kızılay;TS-1001-L;3
26.09.2026;ANK-Kızılay;ELB-2002-S;1
26.09.2026;İZM-Alsancak;TS-1001-M;2
26.09.2026;İZM-Alsancak;TS-1001-L;3
26.09.2026;İZM-Alsancak;ELB-2002-S;2
26.09.2026;İZM-Alsancak;PNT-3003-38;1
26.09.2026;KON-Merkez;TS-1001-M;1
27.09.2026;İST-Kadıköy;TS-1001-M;4
27.09.2026;İST-Kadıköy;TS-1001-L;1
27.09.2026;İST-Kadıköy;ELB-2002-S;1
27.09.2026;İST-Kadıköy;PNT-3003-38;1
27.09.2026;İST-Kadıköy;AKS-4004;1
27.09.2026;İST-Nişantaşı;TS-1001-M;2
27.09.2026;İST-Nişantaşı;TS-1001-L;4
27.09.2026;İST-Nişantaşı;PNT-3003-38;3
27.09.2026;ANK-Kızılay;PNT-3003-38;3
27.09.2026;İZM-Alsancak;TS-1001-M;3
27.09.2026;İZM-Alsancak;TS-1001-L;3
27.09.2026;İZM-Alsancak;ELB-2002-S;1
27.09.2026;İZM-Alsancak;PNT-3003-38;1
27.09.2026;KON-Merkez;TS-1001-M;1
27.09.2026;KON-Merkez;PNT-3003-38;2
28.09.2026;İST-Kadıköy;TS-1001-M;3
28.09.2026;İST-Kadıköy;TS-1001-L;1
28.09.2026;İST-Kadıköy;PNT-3003-38;1
28.09.2026;İST-Kadıköy;AKS-4004;1
28.09.2026;İST-Nişantaşı;TS-1001-M;3
28.09.2026;İST-Nişantaşı;TS-1001-L;3
28.09.2026;İST-Nişantaşı;ELB-2002-S;1
28.09.2026;İST-Nişantaşı;PNT-3003-38;1
28.09.2026;ANK-Kızılay;TS-1001-M;2
28.09.2026;ANK-Kızılay;TS-1001-L;1
28.09.2026;ANK-Kızılay;ELB-2002-S;2
28.09.2026;İZM-Alsancak;TS-1001-M;3
28.09.2026;İZM-Alsancak;TS-1001-L;1
28.09.2026;İZM-Alsancak;PNT-3003-38;1
28.09.2026;KON-Merkez;TS-1001-M;1
28.09.2026;KON-Merkez;TS-1001-L;1
29.09.2026;İST-Kadıköy;TS-1001-M;2
29.09.2026;İST-Kadıköy;TS-1001-L;2
29.09.2026;İST-Kadıköy;ELB-2002-S;2
29.09.2026;İST-Kadıköy;PNT-3003-38;1
29.09.2026;İST-Nişantaşı;TS-1001-M;2
29.09.2026;İST-Nişantaşı;TS-1001-L;2
29.09.2026;İST-Nişantaşı;ELB-2002-S;1
29.09.2026;İST-Nişantaşı;PNT-3003-38;4
29.09.2026;İST-Nişantaşı;AKS-4004;1
29.09.2026;ANK-Kızılay;TS-1001-M;3
29.09.2026;ANK-Kızılay;TS-1001-L;1
29.09.2026;ANK-Kızılay;PNT-3003-38;1
29.09.2026;ANK-Kızılay;AKS-4004;1
29.09.2026;İZM-Alsancak;TS-1001-M;1
29.09.2026;İZM-Alsancak;ELB-2002-S;1
29.09.2026;KON-Merkez;TS-1001-M;1
29.09.2026;KON-Merkez;TS-1001-L;1
29.09.2026;KON-Merkez;ELB-2002-S;1
29.09.2026;KON-Merkez;PNT-3003-38;2
30.09.2026;İST-Kadıköy;TS-1001-M;3
30.09.2026;İST-Kadıköy;TS-1001-L;4
30.09.2026;İST-Kadıköy;PNT-3003-38;1
30.09.2026;İST-Nişantaşı;TS-1001-M;3
30.09.2026;İST-Nişantaşı;TS-1001-L;2
30.09.2026;İST-Nişantaşı;ELB-2002-S;1
30.09.2026;İST-Nişantaşı;PNT-3003-38;2
30.09.2026;ANK-Kızılay;TS-1001-M;2
30.09.2026;ANK-Kızılay;TS-1001-L;3
30.09.2026;ANK-Kızılay;PNT-3003-38;3
30.09.2026;ANK-Kızılay;AKS-4004;1
30.09.2026;İZM-Alsancak;TS-1001-M;2
30.09.2026;İZM-Alsancak;TS-1001-L;3
30.09.2026;İZM-Alsancak;ELB-2002-S;1
30.09.2026;İZM-Alsancak;PNT-3003-38;1
30.09.2026;KON-Merkez;TS-1001-M;3
30.09.2026;KON-Merkez;TS-1001-L;2
01.10.2026;İST-Kadıköy;TS-1001-M;1
01.10.2026;İST-Kadıköy;TS-1001-L;3
01.10.2026;İST-Nişantaşı;TS-1001-M;4
01.10.2026;İST-Nişantaşı;TS-1001-L;5
01.10.2026;İST-Nişantaşı;ELB-2002-S;1
01.10.2026;İST-Nişantaşı;PNT-3003-38;1
01.10.2026;ANK-Kızılay;TS-1001-M;1
01.10.2026;ANK-Kızılay;TS-1001-L;1
01.10.2026;ANK-Kızılay;PNT-3003-38;1
01.10.2026;ANK-Kızılay;AKS-4004;2
01.10.2026;İZM-Alsancak;TS-1001-M;4
01.10.2026;İZM-Alsancak;TS-1001-L;1
01.10.2026;İZM-Alsancak;PNT-3003-38;4
01.10.2026;KON-Merkez;TS-1001-L;1
01.10.2026;KON-Merkez;ELB-2002-S;1
02.10.2026;İST-Kadıköy;TS-1001-M;4
02.10.2026;İST-Kadıköy;TS-1001-L;2
02.10.2026;İST-Kadıköy;ELB-2002-S;1
02.10.2026;İST-Nişantaşı;TS-1001-M;2
02.10.2026;İST-Nişantaşı;TS-1001-L;2
02.10.2026;İST-Nişantaşı;ELB-2002-S;2
02.10.2026;İST-Nişantaşı;AKS-4004;2
02.10.2026;ANK-Kızılay;TS-1001-M;2
02.10.2026;ANK-Kızılay;TS-1001-L;4
02.10.2026;ANK-Kızılay;ELB-2002-S;1
02.10.2026;ANK-Kızılay;PNT-3003-38;2
02.10.2026;ANK-Kızılay;AKS-4004;1
02.10.2026;İZM-Alsancak;TS-1001-M;2
02.10.2026;İZM-Alsancak;TS-1001-L;2
02.10.2026;İZM-Alsancak;PNT-3003-38;1
02.10.2026;KON-Merkez;TS-1001-L;2
03.10.2026;İST-Kadıköy;TS-1001-M;2
03.10.2026;İST-Kadıköy;TS-1001-L;1
03.10.2026;İST-Kadıköy;ELB-2002-S;1
03.10.2026;İST-Kadıköy;PNT-3003-38;2
03.10.2026;İST-Kadıköy;AKS-4004;1
03.10.2026;İST-Nişantaşı;TS-1001-M;2
03.10.2026;İST-Nişantaşı;TS-1001-L;2
03.10.2026;İST-Nişantaşı;PNT-3003-38;1
03.10.2026;İST-Nişantaşı;AKS-4004;1
03.10.2026;ANK-Kızılay;TS-1001-M;2
03.10.2026;ANK-Kızılay;TS-1001-L;2
03.10.2026;ANK-Kızılay;ELB-2002-S;1
03.10.2026;ANK-Kızılay;PNT-3003-38;3
03.10.2026;İZM-Alsancak;TS-1001-M;1
03.10.2026;İZM-Alsancak;TS-1001-L;2
03.10.2026;İZM-Alsancak;PNT-3003-38;2
03.10.2026;KON-Merkez;TS-1001-M;1
03.10.2026;KON-Merkez;TS-1001-L;2
03.10.2026;KON-Merkez;ELB-2002-S;1
03.10.2026;KON-Merkez;PNT-3003-38;2
03.10.2026;KON-Merkez;AKS-4004;1
04.10.2026;İST-Kadıköy;TS-1001-M;3
04.10.2026;İST-Kadıköy;TS-1001-L;1
04.10.2026;İST-Kadıköy;ELB-2002-S;1
04.10.2026;İST-Kadıköy;PNT-3003-38;3
04.10.2026;İST-Nişantaşı;TS-1001-M;4
04.10.2026;İST-Nişantaşı;TS-1001-L;4
04.10.2026;İST-Nişantaşı;ELB-2002-S;1
04.10.2026;İST-Nişantaşı;PNT-3003-38;1
04.10.2026;İST-Nişantaşı;AKS-4004;2
04.10.2026;ANK-Kızılay;TS-1001-M;3
04.10.2026;ANK-Kızılay;TS-1001-L;3
04.10.2026;ANK-Kızılay;PNT-3003-38;1
04.10.2026;ANK-Kızılay;AKS-4004;1
04.10.2026;İZM-Alsancak;TS-1001-M;3
04.10.2026;İZM-Alsancak;TS-1001-L;1
04.10.2026;İZM-Alsancak;PNT-3003-38;2
04.10.2026;KON-Merkez;TS-1001-L;1
04.10.2026;KON-Merkez;ELB-2002-S;1
04.10.2026;KON-Merkez;AKS-4004;1
05.10.2026;İST-Kadıköy;TS-1001-M;3
05.10.2026;İST-Kadıköy;TS-1001-L;2
05.10.2026;İST-Kadıköy;ELB-2002-S;1
05.10.2026;İST-Kadıköy;PNT-3003-38;2
05.10.2026;İST-Nişantaşı;TS-1001-M;5
05.10.2026;İST-Nişantaşı;TS-1001-L;4
05.10.2026;İST-Nişantaşı;ELB-2002-S;1
05.10.2026;İST-Nişantaşı;PNT-3003-38;1
05.10.2026;İST-Nişantaşı;AKS-4004;1
05.10.2026;ANK-Kızılay;TS-1001-M;4
05.10.2026;ANK-Kızılay;TS-1001-L;2
05.10.2026;ANK-Kızılay;PNT-3003-38;1
05.10.2026;İZM-Alsancak;TS-1001-M;2
05.10.2026;İZM-Alsancak;TS-1001-L;1
05.10.2026;İZM-Alsancak;ELB-2002-S;3
05.10.2026;İZM-Alsancak;PNT-3003-38;1
05.10.2026;İZM-Alsancak;AKS-4004;1
05.10.2026;KON-Merkez;TS-1001-L;2
05.10.2026;KON-Merkez;ELB-2002-S;1
06.10.2026;İST-Kadıköy;TS-1001-M;3
06.10.2026;İST-Kadıköy;TS-1001-L;1
06.10.2026;İST-Kadıköy;PNT-3003-38;3
06.10.2026;İST-Nişantaşı;TS-1001-M;3
06.10.2026;İST-Nişantaşı;TS-1001-L;2
06.10.2026;İST-Nişantaşı;ELB-2002-S;3
06.10.2026;İST-Nişantaşı;PNT-3003-38;2
06.10.2026;ANK-Kızılay;TS-1001-M;4
06.10.2026;ANK-Kızılay;TS-1001-L;1
06.10.2026;ANK-Kızılay;PNT-3003-38;2
06.10.2026;İZM-Alsancak;TS-1001-L;1
06.10.2026;İZM-Alsancak;ELB-2002-S;1
06.10.2026;KON-Merkez;TS-1001-M;2
07.10.2026;İST-Kadıköy;TS-1001-M;3
07.10.2026;İST-Kadıköy;TS-1001-L;2
07.10.2026;İST-Kadıköy;ELB-2002-S;3
07.10.2026;İST-Kadıköy;PNT-3003-38;2
07.10.2026;İST-Kadıköy;AKS-4004;1
07.10.2026;İST-Nişantaşı;TS-1001-M;4
07.10.2026;İST-Nişantaşı;TS-1001-L;2
07.10.2026;İST-Nişantaşı;ELB-2002-S;2
07.10.2026;İST-Nişantaşı;PNT-3003-38;2
07.10.2026;ANK-Kızılay;TS-1001-M;3
07.10.2026;ANK-Kızılay;AKS-4004;1
07.10.2026;İZM-Alsancak;TS-1001-M;3
07.10.2026;İZM-Alsancak;TS-1001-L;1
07.10.2026;İZM-Alsancak;PNT-3003-38;2
08.10.2026;İST-Kadıköy;TS-1001-M;4
08.10.2026;İST-Kadıköy;TS-1001-L;2
08.10.2026;İST-Kadıköy;ELB-2002-S;1
08.10.2026;İST-Nişantaşı;TS-1001-M;3
08.10.2026;İST-Nişantaşı;PNT-3003-38;1
08.10.2026;ANK-Kızılay;TS-1001-M;1
08.10.2026;ANK-Kızılay;TS-1001-L;3
08.10.2026;İZM-Alsancak;TS-1001-M;2
08.10.2026;İZM-Alsancak;TS-1001-L;1
08.10.2026;İZM-Alsancak;PNT-3003-38;1
08.10.2026;KON-Merkez;TS-1001-M;1
08.10.2026;KON-Merkez;PNT-3003-38;1
09.10.2026;İST-Kadıköy;TS-1001-M;3
09.10.2026;İST-Kadıköy;TS-1001-L;3
09.10.2026;İST-Kadıköy;PNT-3003-38;1
09.10.2026;İST-Kadıköy;AKS-4004;1
09.10.2026;İST-Nişantaşı;TS-1001-M;4
09.10.2026;İST-Nişantaşı;TS-1001-L;3
09.10.2026;İST-Nişantaşı;ELB-2002-S;1
09.10.2026;İST-Nişantaşı;PNT-3003-38;1
09.10.2026;İST-Nişantaşı;AKS-4004;2
09.10.2026;ANK-Kızılay;TS-1001-M;3
09.10.2026;ANK-Kızılay;TS-1001-L;2
09.10.2026;ANK-Kızılay;ELB-2002-S;1
09.10.2026;İZM-Alsancak;TS-1001-M;2
09.10.2026;İZM-Alsancak;TS-1001-L;1
09.10.2026;KON-Merkez;TS-1001-M;1
09.10.2026;KON-Merkez;AKS-4004;1
10.10.2026;İST-Kadıköy;TS-1001-M;4
10.10.2026;İST-Kadıköy;TS-1001-L;2
10.10.2026;İST-Kadıköy;ELB-2002-S;3
10.10.2026;İST-Kadıköy;PNT-3003-38;2
10.10.2026;İST-Nişantaşı;TS-1001-M;4
10.10.2026;İST-Nişantaşı;TS-1001-L;2
10.10.2026;İST-Nişantaşı;ELB-2002-S;1
10.10.2026;İST-Nişantaşı;PNT-3003-38;1
10.10.2026;ANK-Kızılay;TS-1001-M;3
10.10.2026;ANK-Kızılay;TS-1001-L;2
10.10.2026;ANK-Kızılay;ELB-2002-S;1
10.10.2026;ANK-Kızılay;PNT-3003-38;1
10.10.2026;İZM-Alsancak;TS-1001-M;2
10.10.2026;İZM-Alsancak;TS-1001-L;2
10.10.2026;İZM-Alsancak;ELB-2002-S;1
10.10.2026;İZM-Alsancak;PNT-3003-38;1
10.10.2026;KON-Merkez;TS-1001-M;1
10.10.2026;KON-Merkez;PNT-3003-38;1
11.10.2026;İST-Kadıköy;TS-1001-M;2
11.10.2026;İST-Kadıköy;TS-1001-L;3
11.10.2026;İST-Kadıköy;ELB-2002-S;3
11.10.2026;İST-Kadıköy;PNT-3003-38;2
11.10.2026;İST-Nişantaşı;TS-1001-M;2
11.10.2026;İST-Nişantaşı;TS-1001-L;2
11.10.2026;İST-Nişantaşı;PNT-3003-38;2
11.10.2026;İST-Nişantaşı;AKS-4004;2
11.10.2026;ANK-Kızılay;TS-1001-M;2
11.10.2026;ANK-Kızılay;TS-1001-L;1
11.10.2026;ANK-Kızılay;ELB-2002-S;1
11.10.2026;ANK-Kızılay;PNT-3003-38;1
11.10.2026;İZM-Alsancak;TS-1001-M;3
11.10.2026;İZM-Alsancak;TS-1001-L;1
11.10.2026;İZM-Alsancak;ELB-2002-S;1
11.10.2026;İZM-Alsancak;AKS-4004;1
11.10.2026;KON-Merkez;TS-1001-M;2
12.10.2026;İST-Kadıköy;TS-1001-M;3
12.10.2026;İST-Kadıköy;TS-1001-L;5
12.10.2026;İST-Kadıköy;ELB-2002-S;1
12.10.2026;İST-Kadıköy;PNT-3003-38;3
12.10.2026;İST-Nişantaşı;TS-1001-M;4
12.10.2026;İST-Nişantaşı;TS-1001-L;4
12.10.2026;İST-Nişantaşı;PNT-3003-38;2
12.10.2026;İST-Nişantaşı;AKS-4004;1
12.10.2026;ANK-Kızılay;TS-1001-M;5
12.10.2026;ANK-Kızılay;TS-1001-L;3
12.10.2026;ANK-Kızılay;ELB-2002-S;1
12.10.2026;ANK-Kızılay;PNT-3003-38;1
12.10.2026;İZM-Alsancak;TS-1001-M;3
12.10.2026;İZM-Alsancak;TS-1001-L;2
12.10.2026;İZM-Alsancak;ELB-2002-S;2
12.10.2026;KON-Merkez;AKS-4004;1
13.10.2026;İST-Kadıköy;TS-1001-M;3
13.10.2026;İST-Kadıköy;TS-1001-L;2
13.10.2026;İST-Kadıköy;ELB-2002-S;1
13.10.2026;İST-Nişantaşı;TS-1001-M;3
13.10.2026;İST-Nişantaşı;TS-1001-L;3
13.10.2026;İST-Nişantaşı;PNT-3003-38;1
13.10.2026;ANK-Kızılay;TS-1001-M;1
13.10.2026;ANK-Kızılay;ELB-2002-S;1
13.10.2026;ANK-Kızılay;PNT-3003-38;1
13.10.2026;İZM-Alsancak;TS-1001-M;1
13.10.2026;İZM-Alsancak;AKS-4004;1
13.10.2026;KON-Merkez;TS-1001-M;2
13.10.2026;KON-Merkez;TS-1001-L;2
13.10.2026;KON-Merkez;PNT-3003-38;1
13.10.2026;KON-Merkez;AKS-4004;1
14.10.2026;İST-Kadıköy;TS-1001-M;3
14.10.2026;İST-Kadıköy;TS-1001-L;1
14.10.2026;İST-Kadıköy;ELB-2002-S;1
14.10.2026;İST-Kadıköy;PNT-3003-38;2
14.10.2026;İST-Nişantaşı;TS-1001-M;2
14.10.2026;İST-Nişantaşı;TS-1001-L;2
14.10.2026;İST-Nişantaşı;ELB-2002-S;2
14.10.2026;İST-Nişantaşı;PNT-3003-38;1
14.10.2026;İST-Nişantaşı;AKS-4004;1
14.10.2026;ANK-Kızılay;TS-1001-M;3
14.10.2026;ANK-Kızılay;TS-1001-L;3
14.10.2026;ANK-Kızılay;PNT-3003-38;1
14.10.2026;İZM-Alsancak;TS-1001-M;3
14.10.2026;İZM-Alsancak;TS-1001-L;2
14.10.2026;İZM-Alsancak;ELB-2002-S;1
14.10.2026;İZM-Alsancak;PNT-3003-38;1
14.10.2026;İZM-Alsancak;AKS-4004;1
14.10.2026;KON-Merkez;TS-1001-L;2
14.10.2026;KON-Merkez;ELB-2002-S;1
14.10.2026;KON-Merkez;PNT-3003-38;2
